﻿<?xml version="1.0" encoding="utf-8"?>
<deployment>
  <id>e6858e50-6735-4099-bcbf-e032f4e27070</id>
  <author>N/A</author>
  <deployer>OneDeploy</deployer>
  <authorEmail>N/A</authorEmail>
  <message>OneDeploy</message>
  <progress></progress>
  <status>Success</status>
  <statusText></statusText>
  <lastSuccessEndTime>2025-12-10T06:37:44.0612664Z</lastSuccessEndTime>
  <receivedTime>2025-12-10T06:34:28.0444423Z</receivedTime>
  <startTime>2025-12-10T06:34:29.573623Z</startTime>
  <endTime>2025-12-10T06:37:44.0612664Z</endTime>
  <complete>True</complete>
  <is_temp>False</is_temp>
  <is_readonly>True</is_readonly>
  <buildSummary />
</deployment>