﻿<?xml version="1.0" encoding="utf-8"?>
<deployment>
  <id>8b797e64-5d66-4151-9898-97e7a74a17d3</id>
  <author>N/A</author>
  <deployer>OneDeploy</deployer>
  <authorEmail>N/A</authorEmail>
  <message>OneDeploy</message>
  <progress></progress>
  <status>Success</status>
  <statusText></statusText>
  <lastSuccessEndTime>2025-12-10T15:07:18.6103046Z</lastSuccessEndTime>
  <receivedTime>2025-12-10T15:04:24.4328521Z</receivedTime>
  <startTime>2025-12-10T15:04:25.7584324Z</startTime>
  <endTime>2025-12-10T15:07:18.6103046Z</endTime>
  <complete>True</complete>
  <is_temp>False</is_temp>
  <is_readonly>True</is_readonly>
  <buildSummary />
</deployment>