﻿<?xml version="1.0" encoding="utf-8"?>
<deployment>
  <id>2ad125e2-097c-4454-ae3f-c706ba4c6b8e</id>
  <author>N/A</author>
  <deployer>OneDeploy</deployer>
  <authorEmail>N/A</authorEmail>
  <message>OneDeploy</message>
  <progress></progress>
  <status>Success</status>
  <statusText></statusText>
  <lastSuccessEndTime>2025-12-10T12:54:48.4464789Z</lastSuccessEndTime>
  <receivedTime>2025-12-10T12:50:14.2639876Z</receivedTime>
  <startTime>2025-12-10T12:50:15.6745233Z</startTime>
  <endTime>2025-12-10T12:54:48.4464789Z</endTime>
  <complete>True</complete>
  <is_temp>False</is_temp>
  <is_readonly>True</is_readonly>
  <buildSummary />
</deployment>