﻿<?xml version="1.0" encoding="utf-8"?>
<deployment>
  <id>ef70f9e5-4a4d-44ad-a273-e65206c0815d</id>
  <author>N/A</author>
  <deployer>OneDeploy</deployer>
  <authorEmail>N/A</authorEmail>
  <message>OneDeploy</message>
  <progress></progress>
  <status>Success</status>
  <statusText></statusText>
  <lastSuccessEndTime>2025-12-10T12:29:38.3471767Z</lastSuccessEndTime>
  <receivedTime>2025-12-10T12:24:19.5812726Z</receivedTime>
  <startTime>2025-12-10T12:24:21.2472462Z</startTime>
  <endTime>2025-12-10T12:29:38.3471767Z</endTime>
  <complete>True</complete>
  <is_temp>False</is_temp>
  <is_readonly>True</is_readonly>
  <buildSummary />
</deployment>