﻿<?xml version="1.0" encoding="utf-8"?>
<deployment>
  <id>eeb412c0-1854-48d9-b2d2-3f33b065f2e8</id>
  <author>N/A</author>
  <deployer>OneDeploy</deployer>
  <authorEmail>N/A</authorEmail>
  <message>OneDeploy</message>
  <progress></progress>
  <status>Success</status>
  <statusText></statusText>
  <lastSuccessEndTime>2025-12-10T13:12:24.1323696Z</lastSuccessEndTime>
  <receivedTime>2025-12-10T13:05:49.7419678Z</receivedTime>
  <startTime>2025-12-10T13:05:51.1554329Z</startTime>
  <endTime>2025-12-10T13:12:24.1323696Z</endTime>
  <complete>True</complete>
  <is_temp>False</is_temp>
  <is_readonly>True</is_readonly>
  <buildSummary />
</deployment>