﻿<?xml version="1.0" encoding="utf-8"?>
<deployment>
  <id>837b51af-a6ce-466e-a920-35f25540d4a7</id>
  <author>N/A</author>
  <deployer>OneDeploy</deployer>
  <authorEmail>N/A</authorEmail>
  <message>OneDeploy</message>
  <progress></progress>
  <status>Success</status>
  <statusText></statusText>
  <lastSuccessEndTime>2025-12-10T16:05:53.6039152Z</lastSuccessEndTime>
  <receivedTime>2025-12-10T16:01:07.3201174Z</receivedTime>
  <startTime>2025-12-10T16:01:08.6306497Z</startTime>
  <endTime>2025-12-10T16:05:53.6039152Z</endTime>
  <complete>True</complete>
  <is_temp>False</is_temp>
  <is_readonly>True</is_readonly>
  <buildSummary />
</deployment>