﻿<?xml version="1.0" encoding="utf-8"?>
<deployment>
  <id>ad13774c-c8b7-4b10-bb43-f63dfa9cf605</id>
  <author>N/A</author>
  <deployer>OneDeploy</deployer>
  <authorEmail>N/A</authorEmail>
  <message>OneDeploy</message>
  <progress></progress>
  <status>Success</status>
  <statusText></statusText>
  <lastSuccessEndTime>2025-12-10T15:50:58.1237466Z</lastSuccessEndTime>
  <receivedTime>2025-12-10T15:48:00.156745Z</receivedTime>
  <startTime>2025-12-10T15:48:01.616773Z</startTime>
  <endTime>2025-12-10T15:50:58.1237466Z</endTime>
  <complete>True</complete>
  <is_temp>False</is_temp>
  <is_readonly>True</is_readonly>
  <buildSummary />
</deployment>