﻿<?xml version="1.0" encoding="utf-8"?>
<deployment>
  <id>be3695db-4c8d-4358-bd7b-62fa798159e2</id>
  <author>N/A</author>
  <deployer>OneDeploy</deployer>
  <authorEmail>N/A</authorEmail>
  <message>OneDeploy</message>
  <progress></progress>
  <status>Success</status>
  <statusText></statusText>
  <lastSuccessEndTime>2025-12-10T06:16:52.2153653Z</lastSuccessEndTime>
  <receivedTime>2025-12-10T06:13:42.0829395Z</receivedTime>
  <startTime>2025-12-10T06:13:43.4211264Z</startTime>
  <endTime>2025-12-10T06:16:52.2153653Z</endTime>
  <complete>True</complete>
  <is_temp>False</is_temp>
  <is_readonly>True</is_readonly>
  <buildSummary />
</deployment>