﻿<?xml version="1.0" encoding="utf-8"?>
<deployment>
  <id>736ffe7a-1775-4ce6-bbcb-1a90b98e32bb</id>
  <author>N/A</author>
  <deployer>OneDeploy</deployer>
  <authorEmail>N/A</authorEmail>
  <message>OneDeploy</message>
  <progress></progress>
  <status>Success</status>
  <statusText></statusText>
  <lastSuccessEndTime>2025-12-10T13:31:30.623291Z</lastSuccessEndTime>
  <receivedTime>2025-12-10T13:27:19.1665802Z</receivedTime>
  <startTime>2025-12-10T13:27:20.8517472Z</startTime>
  <endTime>2025-12-10T13:31:30.623291Z</endTime>
  <complete>True</complete>
  <is_temp>False</is_temp>
  <is_readonly>True</is_readonly>
  <buildSummary />
</deployment>