<step title="BackgroundTrace" date="2025-12-06T08:52:15.618" instance="c04aa1" url="/api/publish" method="POST" >
  <step title="Cleanup Xml Logs" date="2025-12-06T08:52:15.657" >
    <step title="Cleanup Infos" date="2025-12-06T08:52:15.749" totalFiles="276" totalCleanup="116" /><!-- duration: 41ms -->
  </step><!-- duration: 141ms -->
  <step title="Creating temporary deployment - FetchDeploymentManager" date="2025-12-06T08:52:15.960" /><!-- duration: 18ms -->
  <step title="Creating temporary deployment" date="2025-12-06T08:52:16.030" /><!-- duration: 301ms -->
  <step title="Performing fetch based deployment" date="2025-12-06T08:52:16.521" >
    <step title="Cleaning up temp folders from previous zip deployments and extracting pushed zip file /tmp/zipdeploy/0d1c0dbf-bbf2-44cf-930e-c3bd0181ffb6.zip (334.05 MB) to /tmp/zipdeploy/extracted" date="2025-12-06T08:52:18.108" >
      <step title="ChmodRecursive Process exited with total time taken in ms: 793" date="2025-12-06T08:53:24.066" /><!-- duration: 3ms -->
    </step><!-- duration: 65985ms -->
    <step title="Deployment timer started" date="2025-12-06T08:53:26.105" >
      <step title="DeploymentManager.Deploy(id:0471cf91-8f7b-4187-996a-6e9cbd327715)" date="2025-12-06T08:53:26.109" >
        <step title="Collecting changeset information" date="2025-12-06T08:53:26.132" /><!-- duration: 133ms -->
        <step title="Updating submodules" date="2025-12-06T08:53:26.270" /><!-- duration: 1113ms -->
        <step title="Determining deployment builder" date="2025-12-06T08:53:27.985" >
          <step title="Builder is OneDeployBuilder" date="2025-12-06T08:53:27.995" /><!-- duration: 3ms -->
        </step><!-- duration: 21ms -->
        <step title="PreDeployment: context.CleanOutputPath False" date="2025-12-06T08:53:28.078" >
          <step title="PreDeployment: context.OutputPath /home/site/wwwroot" date="2025-12-06T08:53:28.226" >
            <step title="Building" date="2025-12-06T08:53:28.391" >
              <step title="Executing external process" date="2025-12-06T08:53:29.568" type="process" path="starter.sh" arguments="/opt/Kudu/Scripts/absoluteTar.sh /tmp/zipdeploy/extracted/node_modules /tmp/zipdeploy/extracted/node_modules.tar.gz" >
                <step title="Cpu: gzip(27903,33.590s)+sh(27902,0.000s)+tar(27901,3.350s)+absoluteTar.sh(27900,0.000s)=total(36.940s)" date="2025-12-06T08:54:30.357" /><!-- duration: 19ms -->
                <step title="starter.sh: no io activity for 61s, prev-cpu=-1.000s, current-cpu=36.940s" date="2025-12-06T08:54:30.396" /><!-- duration: 13ms -->
                <step title="Cpu: gzip(27903,77.090s)+sh(27902,0.000s)+tar(27901,5.970s)+absoluteTar.sh(27900,0.000s)=total(83.060s)" date="2025-12-06T08:55:30.766" /><!-- duration: 39ms -->
                <step title="starter.sh: no io activity for 121s, prev-cpu=36.940s, current-cpu=83.060s" date="2025-12-06T08:55:30.817" /><!-- duration: 38ms -->
              </step><!-- duration: 160071ms -->
              <step title="Executing external process" date="2025-12-06T08:56:10.124" type="process" path="starter.sh" arguments="/opt/Kudu/Scripts/parallel_rsync.sh /tmp/zipdeploy/extracted /home/site/wwwroot 8 /tmp/ False False node_modules " /><!-- duration: 18974ms -->
              <step title="Modified file to trigger a restart of the app container." date="2025-12-06T08:56:29.912" /><!-- duration: 28ms -->
              <step title="Skip function trigger and logicapp sync because function is not enabled." date="2025-12-06T08:56:29.960" /><!-- duration: 20ms -->
            </step><!-- duration: 182468ms -->
          </step><!-- duration: 182640ms -->
          <step title="Cleaning up temp files" date="2025-12-06T08:56:30.868" /><!-- duration: 32ms -->
          <step title="Cleaning up temp files" date="2025-12-06T08:56:30.901" /><!-- duration: 508ms -->
          <step title="Reloading status file with latest updates" date="2025-12-06T08:56:31.444" >
            <step title="WebHooksManager.PublishEventAsync: PostDeployment" date="2025-12-06T08:56:31.446" /><!-- duration: 300ms -->
          </step><!-- duration: 303ms -->
          <step title="Cleaning up temporary deployment - fetch deployment was successful" date="2025-12-06T08:56:31.754" /><!-- duration: 2ms -->
        </step><!-- duration: 183758ms -->
      </step><!-- duration: 185916ms -->
