<step title="Incoming Request" date="2025-12-06T08:56:27.352" instance="c04aa1" url="/api/deployments/latest?deployer=OneDeploy&amp;time=2025-12-06_08-52-16Z" method="GET" type="request" pid="835,1,71" Host="adioncode-e5gkh4grbqe4g8b7.scm.centralindia-01.azurewebsites.net" User-Agent="GITHUBACTIONS_DeployWebAppToAzure_7650f946a874dfae82dfcd0347de284b67bb6ed9cc8e4f7291d8eb6cbb07caf2" Authorization="Bas..." Content-Type="application/json; charset=utf-8" Cookie="ARRAffinity=c04aa1d190c806a98365154610359be5f0b247a3d55e146cfd8e4942c8287e1c;Path=/;HttpOnly;Secure;Domain=adioncode-e5gkh4grbqe4g8b7.scm.centralindia-01.azurewebsites.net; ARRAffinitySameSite=c04aa1d190c806a98365154610359be5f0b247a3d55e146cfd8e4942c8287e1c;Path=/;HttpOnly;SameSite=None;Secure;Domain=adioncode-e5gkh4grbqe4g8b7.scm.centralindia-01.azurewebsites.net" Content-Length="0" X-ARR-LOG-ID="25dc1cc2-8d62-480b-b8a1-f15a513faf77" CLIENT-IP="172.203.38.244:9216" X-SITE-DEPLOYMENT-ID="adioncode" WAS-DEFAULT-HOSTNAME="adioncode-e5gkh4grbqe4g8b7.scm.centralindia-01.azurewebsites.net" X-Forwarded-Proto="https" X-AppService-Proto="https" X-Forwarded-TlsVersion="1.3" X-WAWS-Unencoded-URL="/api/deployments/latest?deployer=OneDeploy&amp;time=2025-12-06_08-52-16Z" X-Client-IP="172.203.38.244" X-Client-Port="9216" >
  <step title="Cleanup Xml Logs" date="2025-12-06T08:56:27.357" >
    <step title="Cleanup Infos" date="2025-12-06T08:56:27.407" totalFiles="313" totalCleanup="153" /><!-- duration: 21ms -->
  </step><!-- duration: 80ms -->
  <step title="DeploymentService.GetResult" date="2025-12-06T08:56:27.460" >
    <step title="DeploymentService.GetLatestDeployment" date="2025-12-06T08:56:27.465" >
      <step title="DeploymentManager.GetResults" date="2025-12-06T08:56:27.467" /><!-- duration: 406ms -->
    </step><!-- duration: 411ms -->
  </step><!-- duration: 417ms -->
  <step title="Outgoing response" date="2025-12-06T08:56:27.878" type="response" statusCode="202" statusText="Accepted" /><!-- duration: 4ms -->
</step><!-- duration: 532ms -->
