<step title="Incoming Request" date="2025-12-06T10:36:27.501" instance="c04aa1" url="/api/publish?async=true&amp;deployer=GITHUB_ONE_DEPLOY&amp;type=zip&amp;message=%7B%22type%22%3A%22deployment%22%2C%22sha%22%3A%2216f5e2ee4e47b5bf69c7a1eb0fffda25b6f0d1e5%22%2C%22repoName%22%3A%22adityasingh03rajput%2Ftesting-server-%22%2C%22actor%22%3A%22adityasingh03rajput%22%2C%22slotName%22%3A%22Production%22%2C%22commitMessage%22%3A%22Add%20timer%20tracking%20fields%20to%20StudentManagement%20schema%20-%20isRunning%2C%20status%2C%20timerValue%2C%20lastUpdated%22%7D" method="POST" type="request" pid="835,1,68" Host="adioncode-e5gkh4grbqe4g8b7.scm.centralindia-01.azurewebsites.net" User-Agent="GITHUBACTIONS_DeployWebAppToAzure_7650f946a874dfae82dfcd0347de284b67bb6ed9cc8e4f7291d8eb6cbb07caf2" Authorization="Bas..." Content-Type="application/octet-stream" Cookie="ARRAffinity=c04aa1d190c806a98365154610359be5f0b247a3d55e146cfd8e4942c8287e1c;Path=/;HttpOnly;Secure;Domain=adioncode-e5gkh4grbqe4g8b7.scm.centralindia-01.azurewebsites.net; ARRAffinitySameSite=c04aa1d190c806a98365154610359be5f0b247a3d55e146cfd8e4942c8287e1c;Path=/;HttpOnly;SameSite=None;Secure;Domain=adioncode-e5gkh4grbqe4g8b7.scm.centralindia-01.azurewebsites.net" Transfer-Encoding="chunked" X-ARR-LOG-ID="e8f79370-428e-4c18-b057-c152cec5958f" CLIENT-IP="172.190.93.131:60480" X-SITE-DEPLOYMENT-ID="adioncode" WAS-DEFAULT-HOSTNAME="adioncode-e5gkh4grbqe4g8b7.scm.centralindia-01.azurewebsites.net" X-Forwarded-Proto="https" X-AppService-Proto="https" X-Forwarded-TlsVersion="1.3" X-WAWS-Unencoded-URL="/api/publish?async=true&amp;deployer=GITHUB_ONE_DEPLOY&amp;type=zip&amp;message=%7B%22type%22%3A%22deployment%22%2C%22sha%22%3A%2216f5e2ee4e47b5bf69c7a1eb0fffda25b6f0d1e5%22%2C%22repoName%22%3A%22adityasingh03rajput%2Ftesting-server-%22%2C%22actor%22%3A%22adityasingh03rajput%22%2C%22slotName%22%3A%22Production%22%2C%22commitMessage%22%3A%22Add%20timer%20tracking%20fields%20to%20StudentManagement%20schema%20-%20isRunning%2C%20status%2C%20timerValue%2C%20lastUpdated%22%7D" X-Client-IP="172.190.93.131" X-Client-Port="60480" >
  <step title="Cleanup Xml Logs" date="2025-12-06T10:36:27.510" >
    <step title="Cleanup Infos" date="2025-12-06T10:36:27.558" totalFiles="436" totalCleanup="276" /><!-- duration: 23ms -->
  </step><!-- duration: 98ms -->
  <step title="OneDeploy" date="2025-12-06T10:36:28.087" >
    <step title="Starting PushDeployAsync" date="2025-12-06T10:36:28.591" /><!-- duration: 20ms -->
    <step title="Removing node_modules symlink" date="2025-12-06T10:36:28.661" >
      <step title="Writing artifact to /tmp/zipdeploy/eafcd3fe-3cf0-4f33-9f0e-3cdcb67cca81.zip" date="2025-12-06T10:36:29.101" >
        <step title="Writing multipart request body to /tmp/zipdeploy/eafcd3fe-3cf0-4f33-9f0e-3cdcb67cca81.zip" date="2025-12-06T10:36:29.110" /><!-- duration: 10ms -->
      </step><!-- duration: 21710ms -->
      <step title="Start deployment in the background" date="2025-12-06T10:36:50.820" >
        <step title="Acquiring Deployment Lock" date="2025-12-06T10:36:51.028" /><!-- duration: 7ms -->
        <step title="Acquired Deployment Lock" date="2025-12-06T10:36:51.069" /><!-- duration: 2ms -->
      </step><!-- duration: 366ms -->
    </step><!-- duration: 22535ms -->
    <step title="Outgoing response" date="2025-12-06T10:36:51.288" type="response" statusCode="202" statusText="Accepted" /><!-- duration: 8ms -->
  </step><!-- duration: 23212ms -->
