<step title="Incoming Request" date="2025-12-06T10:20:07.942" instance="c04aa1" url="/api/deployments/latest?deployer=OneDeploy&amp;time=2025-12-06_10-17-57Z" method="GET" type="request" pid="835,1,94" Host="adioncode-e5gkh4grbqe4g8b7.scm.centralindia-01.azurewebsites.net" User-Agent="GITHUBACTIONS_DeployWebAppToAzure_7650f946a874dfae82dfcd0347de284b67bb6ed9cc8e4f7291d8eb6cbb07caf2" Authorization="Bas..." Content-Type="application/json; charset=utf-8" Cookie="ARRAffinity=c04aa1d190c806a98365154610359be5f0b247a3d55e146cfd8e4942c8287e1c;Path=/;HttpOnly;Secure;Domain=adioncode-e5gkh4grbqe4g8b7.scm.centralindia-01.azurewebsites.net; ARRAffinitySameSite=c04aa1d190c806a98365154610359be5f0b247a3d55e146cfd8e4942c8287e1c;Path=/;HttpOnly;SameSite=None;Secure;Domain=adioncode-e5gkh4grbqe4g8b7.scm.centralindia-01.azurewebsites.net" Content-Length="0" X-ARR-LOG-ID="ab4bfae6-bf5e-430b-9d7c-5b4d1c22eaa5" CLIENT-IP="68.220.61.178:33809" X-SITE-DEPLOYMENT-ID="adioncode" WAS-DEFAULT-HOSTNAME="adioncode-e5gkh4grbqe4g8b7.scm.centralindia-01.azurewebsites.net" X-Forwarded-Proto="https" X-AppService-Proto="https" X-Forwarded-TlsVersion="1.3" X-WAWS-Unencoded-URL="/api/deployments/latest?deployer=OneDeploy&amp;time=2025-12-06_10-17-57Z" X-Client-IP="68.220.61.178" X-Client-Port="33809" >
  <step title="Cleanup Xml Logs" date="2025-12-06T10:20:07.982" >
    <step title="Cleanup Infos" date="2025-12-06T10:20:08.011" totalFiles="419" totalCleanup="259" /><!-- duration: 59ms -->
  </step><!-- duration: 109ms -->
  <step title="DeploymentService.GetResult" date="2025-12-06T10:20:08.121" >
    <step title="DeploymentService.GetLatestDeployment" date="2025-12-06T10:20:08.221" >
      <step title="DeploymentManager.GetResults" date="2025-12-06T10:20:08.223" /><!-- duration: 863ms -->
    </step><!-- duration: 875ms -->
  </step><!-- duration: 977ms -->
  <step title="Outgoing response" date="2025-12-06T10:20:09.137" type="response" statusCode="202" statusText="Accepted" /><!-- duration: 9ms -->
</step><!-- duration: 1205ms -->
