<step title="Incoming Request" date="2025-12-06T10:15:28.728" instance="c04aa1" url="/api/publish?async=true&amp;deployer=GITHUB_ONE_DEPLOY&amp;type=zip&amp;message=%7B%22type%22%3A%22deployment%22%2C%22sha%22%3A%2232886d329d038f4556efa3a1f7efdb28bd33d2d1%22%2C%22repoName%22%3A%22adityasingh03rajput%2Ftesting-server-%22%2C%22actor%22%3A%22adityasingh03rajput%22%2C%22slotName%22%3A%22Production%22%2C%22commitMessage%22%3A%22Add%20random%20ring%20endpoint%20and%20offline%20toast%20for%20student%22%7D" method="POST" type="request" pid="835,1,101" Host="adioncode-e5gkh4grbqe4g8b7.scm.centralindia-01.azurewebsites.net" User-Agent="GITHUBACTIONS_DeployWebAppToAzure_7650f946a874dfae82dfcd0347de284b67bb6ed9cc8e4f7291d8eb6cbb07caf2" Authorization="Bas..." Content-Type="application/octet-stream" Cookie="ARRAffinity=c04aa1d190c806a98365154610359be5f0b247a3d55e146cfd8e4942c8287e1c;Path=/;HttpOnly;Secure;Domain=adioncode-e5gkh4grbqe4g8b7.scm.centralindia-01.azurewebsites.net; ARRAffinitySameSite=c04aa1d190c806a98365154610359be5f0b247a3d55e146cfd8e4942c8287e1c;Path=/;HttpOnly;SameSite=None;Secure;Domain=adioncode-e5gkh4grbqe4g8b7.scm.centralindia-01.azurewebsites.net" Transfer-Encoding="chunked" X-ARR-LOG-ID="4df367db-d519-4947-b428-8ca083789d91" CLIENT-IP="68.220.61.178:33808" X-SITE-DEPLOYMENT-ID="adioncode" WAS-DEFAULT-HOSTNAME="adioncode-e5gkh4grbqe4g8b7.scm.centralindia-01.azurewebsites.net" X-Forwarded-Proto="https" X-AppService-Proto="https" X-Forwarded-TlsVersion="1.3" X-WAWS-Unencoded-URL="/api/publish?async=true&amp;deployer=GITHUB_ONE_DEPLOY&amp;type=zip&amp;message=%7B%22type%22%3A%22deployment%22%2C%22sha%22%3A%2232886d329d038f4556efa3a1f7efdb28bd33d2d1%22%2C%22repoName%22%3A%22adityasingh03rajput%2Ftesting-server-%22%2C%22actor%22%3A%22adityasingh03rajput%22%2C%22slotName%22%3A%22Production%22%2C%22commitMessage%22%3A%22Add%20random%20ring%20endpoint%20and%20offline%20toast%20for%20student%22%7D" X-Client-IP="68.220.61.178" X-Client-Port="33808" >
  <step title="Cleanup Xml Logs" date="2025-12-06T10:15:28.729" >
    <step title="Cleanup Infos" date="2025-12-06T10:15:28.735" totalFiles="398" totalCleanup="238" /><!-- duration: 2ms -->
  </step><!-- duration: 10ms -->
  <step title="OneDeploy" date="2025-12-06T10:15:28.753" >
    <step title="Starting PushDeployAsync" date="2025-12-06T10:15:28.759" /><!-- duration: 2ms -->
    <step title="Removing node_modules symlink" date="2025-12-06T10:15:28.778" >
      <step title="Writing artifact to /tmp/zipdeploy/8929a7a6-2ed5-4217-b118-03c1577a83be.zip" date="2025-12-06T10:15:28.890" >
        <step title="Writing multipart request body to /tmp/zipdeploy/8929a7a6-2ed5-4217-b118-03c1577a83be.zip" date="2025-12-06T10:15:28.896" /><!-- duration: 2ms -->
      </step><!-- duration: 148579ms -->
      <step title="Start deployment in the background" date="2025-12-06T10:17:57.483" >
        <step title="Acquiring Deployment Lock" date="2025-12-06T10:17:57.551" /><!-- duration: 1ms -->
        <step title="Acquired Deployment Lock" date="2025-12-06T10:17:57.599" /><!-- duration: 1ms -->
      </step><!-- duration: 208ms -->
    </step><!-- duration: 148964ms -->
    <step title="Outgoing response" date="2025-12-06T10:17:57.839" type="response" statusCode="202" statusText="Accepted" /><!-- duration: 5ms -->
  </step><!-- duration: 149093ms -->
