<step title="Incoming Request" date="2025-12-06T09:40:46.167" instance="c04aa1" url="/api/deployments/latest?deployer=OneDeploy&amp;time=2025-12-06_09-37-00Z" method="GET" type="request" pid="835,1,69" Host="adioncode-e5gkh4grbqe4g8b7.scm.centralindia-01.azurewebsites.net" User-Agent="GITHUBACTIONS_DeployWebAppToAzure_7650f946a874dfae82dfcd0347de284b67bb6ed9cc8e4f7291d8eb6cbb07caf2" Authorization="Bas..." Content-Type="application/json; charset=utf-8" Cookie="ARRAffinity=c04aa1d190c806a98365154610359be5f0b247a3d55e146cfd8e4942c8287e1c;Path=/;HttpOnly;Secure;Domain=adioncode-e5gkh4grbqe4g8b7.scm.centralindia-01.azurewebsites.net; ARRAffinitySameSite=c04aa1d190c806a98365154610359be5f0b247a3d55e146cfd8e4942c8287e1c;Path=/;HttpOnly;SameSite=None;Secure;Domain=adioncode-e5gkh4grbqe4g8b7.scm.centralindia-01.azurewebsites.net" Content-Length="0" X-ARR-LOG-ID="d1762049-1c46-46db-b0cd-b0c45be02d5a" CLIENT-IP="52.154.132.184:45096" X-SITE-DEPLOYMENT-ID="adioncode" WAS-DEFAULT-HOSTNAME="adioncode-e5gkh4grbqe4g8b7.scm.centralindia-01.azurewebsites.net" X-Forwarded-Proto="https" X-AppService-Proto="https" X-Forwarded-TlsVersion="1.3" X-WAWS-Unencoded-URL="/api/deployments/latest?deployer=OneDeploy&amp;time=2025-12-06_09-37-00Z" X-Client-IP="52.154.132.184" X-Client-Port="45096" >
  <step title="Cleanup Xml Logs" date="2025-12-06T09:40:46.169" >
    <step title="Cleanup Infos" date="2025-12-06T09:40:46.179" totalFiles="391" totalCleanup="231" /><!-- duration: 8ms -->
  </step><!-- duration: 20ms -->
  <step title="DeploymentService.GetResult" date="2025-12-06T09:40:46.206" >
    <step title="DeploymentService.GetLatestDeployment" date="2025-12-06T09:40:46.208" >
      <step title="DeploymentManager.GetResults" date="2025-12-06T09:40:46.216" /><!-- duration: 606ms -->
    </step><!-- duration: 641ms -->
  </step><!-- duration: 644ms -->
  <step title="Outgoing response" date="2025-12-06T09:40:46.870" type="response" statusCode="202" statusText="Accepted" /><!-- duration: 9ms -->
</step><!-- duration: 713ms -->
