<step title="Incoming Request" date="2025-12-06T10:38:00.017" instance="c04aa1" url="/api/deployments/latest?deployer=OneDeploy&amp;time=2025-12-06_10-36-51Z" method="GET" type="request" pid="835,1,68" Host="adioncode-e5gkh4grbqe4g8b7.scm.centralindia-01.azurewebsites.net" User-Agent="GITHUBACTIONS_DeployWebAppToAzure_7650f946a874dfae82dfcd0347de284b67bb6ed9cc8e4f7291d8eb6cbb07caf2" Authorization="Bas..." Content-Type="application/json; charset=utf-8" Cookie="ARRAffinity=c04aa1d190c806a98365154610359be5f0b247a3d55e146cfd8e4942c8287e1c;Path=/;HttpOnly;Secure;Domain=adioncode-e5gkh4grbqe4g8b7.scm.centralindia-01.azurewebsites.net; ARRAffinitySameSite=c04aa1d190c806a98365154610359be5f0b247a3d55e146cfd8e4942c8287e1c;Path=/;HttpOnly;SameSite=None;Secure;Domain=adioncode-e5gkh4grbqe4g8b7.scm.centralindia-01.azurewebsites.net" Content-Length="0" X-ARR-LOG-ID="1b1dbdae-bc87-4674-acf7-b21f753b505e" CLIENT-IP="172.190.93.131:60482" X-SITE-DEPLOYMENT-ID="adioncode" WAS-DEFAULT-HOSTNAME="adioncode-e5gkh4grbqe4g8b7.scm.centralindia-01.azurewebsites.net" X-Forwarded-Proto="https" X-AppService-Proto="https" X-Forwarded-TlsVersion="1.3" X-WAWS-Unencoded-URL="/api/deployments/latest?deployer=OneDeploy&amp;time=2025-12-06_10-36-51Z" X-Client-IP="172.190.93.131" X-Client-Port="60482" >
  <step title="Cleanup Xml Logs" date="2025-12-06T10:38:00.028" >
    <step title="Cleanup Infos" date="2025-12-06T10:38:00.188" totalFiles="447" totalCleanup="287" /><!-- duration: 21ms -->
  </step><!-- duration: 200ms -->
  <step title="DeploymentService.GetResult" date="2025-12-06T10:38:00.269" >
    <step title="DeploymentService.GetLatestDeployment" date="2025-12-06T10:38:00.288" >
      <step title="DeploymentManager.GetResults" date="2025-12-06T10:38:00.297" /><!-- duration: 1144ms -->
    </step><!-- duration: 1175ms -->
  </step><!-- duration: 1283ms -->
  <step title="Outgoing response" date="2025-12-06T10:38:01.594" type="response" statusCode="202" statusText="Accepted" /><!-- duration: 41ms -->
</step><!-- duration: 1738ms -->
