<step title="Incoming Request" date="2025-12-06T09:40:19.001" instance="c04aa1" url="/api/deployments/latest?deployer=OneDeploy&amp;time=2025-12-06_09-37-00Z" method="GET" type="request" pid="835,1,94" Host="adioncode-e5gkh4grbqe4g8b7.scm.centralindia-01.azurewebsites.net" User-Agent="GITHUBACTIONS_DeployWebAppToAzure_7650f946a874dfae82dfcd0347de284b67bb6ed9cc8e4f7291d8eb6cbb07caf2" Authorization="Bas..." Content-Type="application/json; charset=utf-8" Cookie="ARRAffinity=c04aa1d190c806a98365154610359be5f0b247a3d55e146cfd8e4942c8287e1c;Path=/;HttpOnly;Secure;Domain=adioncode-e5gkh4grbqe4g8b7.scm.centralindia-01.azurewebsites.net; ARRAffinitySameSite=c04aa1d190c806a98365154610359be5f0b247a3d55e146cfd8e4942c8287e1c;Path=/;HttpOnly;SameSite=None;Secure;Domain=adioncode-e5gkh4grbqe4g8b7.scm.centralindia-01.azurewebsites.net" Content-Length="0" X-ARR-LOG-ID="a2a1b6c3-5159-4eb1-991d-c48b08c6973d" CLIENT-IP="52.154.132.184:45096" X-SITE-DEPLOYMENT-ID="adioncode" WAS-DEFAULT-HOSTNAME="adioncode-e5gkh4grbqe4g8b7.scm.centralindia-01.azurewebsites.net" X-Forwarded-Proto="https" X-AppService-Proto="https" X-Forwarded-TlsVersion="1.3" X-WAWS-Unencoded-URL="/api/deployments/latest?deployer=OneDeploy&amp;time=2025-12-06_09-37-00Z" X-Client-IP="52.154.132.184" X-Client-Port="45096" >
  <step title="Cleanup Xml Logs" date="2025-12-06T09:40:19.009" >
    <step title="Cleanup Infos" date="2025-12-06T09:40:19.039" totalFiles="387" totalCleanup="227" /><!-- duration: 3ms -->
  </step><!-- duration: 41ms -->
  <step title="DeploymentService.GetResult" date="2025-12-06T09:40:19.072" >
    <step title="DeploymentService.GetLatestDeployment" date="2025-12-06T09:40:19.080" >
      <step title="DeploymentManager.GetResults" date="2025-12-06T09:40:19.081" /><!-- duration: 622ms -->
    </step><!-- duration: 634ms -->
  </step><!-- duration: 651ms -->
  <step title="Outgoing response" date="2025-12-06T09:40:19.753" type="response" statusCode="202" statusText="Accepted" /><!-- duration: 9ms -->
</step><!-- duration: 762ms -->
