<step title="Incoming Request" date="2025-12-06T09:36:38.571" instance="c04aa1" url="/api/publish?async=true&amp;deployer=GITHUB_ONE_DEPLOY&amp;type=zip&amp;message=%7B%22type%22%3A%22deployment%22%2C%22sha%22%3A%226e1377034e9bc5bf4b97f87bf07ed8facbee5051%22%2C%22repoName%22%3A%22adityasingh03rajput%2Ftesting-server-%22%2C%22actor%22%3A%22adityasingh03rajput%22%2C%22slotName%22%3A%22Production%22%2C%22commitMessage%22%3A%22Fix%3A%20Include%20enrollmentNo%20in%20student_update%20socket%20event%20for%20teacher%20real-time%20tracking%22%7D" method="POST" type="request" pid="835,1,102" Host="adioncode-e5gkh4grbqe4g8b7.scm.centralindia-01.azurewebsites.net" User-Agent="GITHUBACTIONS_DeployWebAppToAzure_7650f946a874dfae82dfcd0347de284b67bb6ed9cc8e4f7291d8eb6cbb07caf2" Authorization="Bas..." Content-Type="application/octet-stream" Cookie="ARRAffinity=c04aa1d190c806a98365154610359be5f0b247a3d55e146cfd8e4942c8287e1c;Path=/;HttpOnly;Secure;Domain=adioncode-e5gkh4grbqe4g8b7.scm.centralindia-01.azurewebsites.net; ARRAffinitySameSite=c04aa1d190c806a98365154610359be5f0b247a3d55e146cfd8e4942c8287e1c;Path=/;HttpOnly;SameSite=None;Secure;Domain=adioncode-e5gkh4grbqe4g8b7.scm.centralindia-01.azurewebsites.net" Transfer-Encoding="chunked" X-ARR-LOG-ID="bc2c223d-e59d-4d34-ac33-fbb1bb029803" CLIENT-IP="52.154.132.184:45096" X-SITE-DEPLOYMENT-ID="adioncode" WAS-DEFAULT-HOSTNAME="adioncode-e5gkh4grbqe4g8b7.scm.centralindia-01.azurewebsites.net" X-Forwarded-Proto="https" X-AppService-Proto="https" X-Forwarded-TlsVersion="1.3" X-WAWS-Unencoded-URL="/api/publish?async=true&amp;deployer=GITHUB_ONE_DEPLOY&amp;type=zip&amp;message=%7B%22type%22%3A%22deployment%22%2C%22sha%22%3A%226e1377034e9bc5bf4b97f87bf07ed8facbee5051%22%2C%22repoName%22%3A%22adityasingh03rajput%2Ftesting-server-%22%2C%22actor%22%3A%22adityasingh03rajput%22%2C%22slotName%22%3A%22Production%22%2C%22commitMessage%22%3A%22Fix%3A%20Include%20enrollmentNo%20in%20student_update%20socket%20event%20for%20teacher%20real-time%20tracking%22%7D" X-Client-IP="52.154.132.184" X-Client-Port="45096" >
  <step title="Cleanup Xml Logs" date="2025-12-06T09:36:38.578" >
    <step title="Cleanup Infos" date="2025-12-06T09:36:38.598" totalFiles="357" totalCleanup="197" /><!-- duration: 11ms -->
  </step><!-- duration: 33ms -->
  <step title="OneDeploy" date="2025-12-06T09:36:38.670" >
    <step title="Starting PushDeployAsync" date="2025-12-06T09:36:38.728" /><!-- duration: 11ms -->
    <step title="Removing node_modules symlink" date="2025-12-06T09:36:38.799" >
      <step title="Writing artifact to /tmp/zipdeploy/86ce8dbc-1fcc-4687-8df3-53821ecf0c99.zip" date="2025-12-06T09:36:39.131" >
        <step title="Writing multipart request body to /tmp/zipdeploy/86ce8dbc-1fcc-4687-8df3-53821ecf0c99.zip" date="2025-12-06T09:36:39.140" /><!-- duration: 2ms -->
      </step><!-- duration: 21287ms -->
      <step title="Start deployment in the background" date="2025-12-06T09:37:00.429" >
        <step title="Acquiring Deployment Lock" date="2025-12-06T09:37:00.520" /><!-- duration: 2ms -->
        <step title="Acquired Deployment Lock" date="2025-12-06T09:37:00.578" /><!-- duration: 2ms -->
      </step><!-- duration: 332ms -->
    </step><!-- duration: 22008ms -->
    <step title="Outgoing response" date="2025-12-06T09:37:00.810" type="response" statusCode="202" statusText="Accepted" /><!-- duration: 1ms -->
  </step><!-- duration: 22142ms -->
