<step title="Incoming Request" date="2025-12-06T09:40:25.800" instance="c04aa1" url="/api/deployments/latest?deployer=OneDeploy&amp;time=2025-12-06_09-37-00Z" method="GET" type="request" pid="835,1,94" Host="adioncode-e5gkh4grbqe4g8b7.scm.centralindia-01.azurewebsites.net" User-Agent="GITHUBACTIONS_DeployWebAppToAzure_7650f946a874dfae82dfcd0347de284b67bb6ed9cc8e4f7291d8eb6cbb07caf2" Authorization="Bas..." Content-Type="application/json; charset=utf-8" Cookie="ARRAffinity=c04aa1d190c806a98365154610359be5f0b247a3d55e146cfd8e4942c8287e1c;Path=/;HttpOnly;Secure;Domain=adioncode-e5gkh4grbqe4g8b7.scm.centralindia-01.azurewebsites.net; ARRAffinitySameSite=c04aa1d190c806a98365154610359be5f0b247a3d55e146cfd8e4942c8287e1c;Path=/;HttpOnly;SameSite=None;Secure;Domain=adioncode-e5gkh4grbqe4g8b7.scm.centralindia-01.azurewebsites.net" Content-Length="0" X-ARR-LOG-ID="34dcb57d-413e-48ef-a724-5ba9fb3b23c8" CLIENT-IP="52.154.132.184:45098" X-SITE-DEPLOYMENT-ID="adioncode" WAS-DEFAULT-HOSTNAME="adioncode-e5gkh4grbqe4g8b7.scm.centralindia-01.azurewebsites.net" X-Forwarded-Proto="https" X-AppService-Proto="https" X-Forwarded-TlsVersion="1.3" X-WAWS-Unencoded-URL="/api/deployments/latest?deployer=OneDeploy&amp;time=2025-12-06_09-37-00Z" X-Client-IP="52.154.132.184" X-Client-Port="45098" >
  <step title="Cleanup Xml Logs" date="2025-12-06T09:40:25.838" >
    <step title="Cleanup Infos" date="2025-12-06T09:40:25.888" totalFiles="388" totalCleanup="228" /><!-- duration: 31ms -->
  </step><!-- duration: 91ms -->
  <step title="DeploymentService.GetResult" date="2025-12-06T09:40:25.948" >
    <step title="DeploymentService.GetLatestDeployment" date="2025-12-06T09:40:25.960" >
      <step title="DeploymentManager.GetResults" date="2025-12-06T09:40:25.981" /><!-- duration: 772ms -->
    </step><!-- duration: 803ms -->
  </step><!-- duration: 817ms -->
  <step title="Outgoing response" date="2025-12-06T09:40:26.794" type="response" statusCode="202" statusText="Accepted" /><!-- duration: 38ms -->
</step><!-- duration: 1034ms -->
