<step title="Incoming Request" date="2025-12-06T10:40:09.483" instance="c04aa1" url="/api/deployments/latest?deployer=OneDeploy&amp;time=2025-12-06_10-36-51Z" method="GET" type="request" pid="835,1,98" Host="adioncode-e5gkh4grbqe4g8b7.scm.centralindia-01.azurewebsites.net" User-Agent="GITHUBACTIONS_DeployWebAppToAzure_7650f946a874dfae82dfcd0347de284b67bb6ed9cc8e4f7291d8eb6cbb07caf2" Authorization="Bas..." Content-Type="application/json; charset=utf-8" Cookie="ARRAffinity=c04aa1d190c806a98365154610359be5f0b247a3d55e146cfd8e4942c8287e1c;Path=/;HttpOnly;Secure;Domain=adioncode-e5gkh4grbqe4g8b7.scm.centralindia-01.azurewebsites.net; ARRAffinitySameSite=c04aa1d190c806a98365154610359be5f0b247a3d55e146cfd8e4942c8287e1c;Path=/;HttpOnly;SameSite=None;Secure;Domain=adioncode-e5gkh4grbqe4g8b7.scm.centralindia-01.azurewebsites.net" Content-Length="0" X-ARR-LOG-ID="aa1de1ca-1a95-432b-9f2e-91e92276fdd8" CLIENT-IP="172.190.93.131:60482" X-SITE-DEPLOYMENT-ID="adioncode" WAS-DEFAULT-HOSTNAME="adioncode-e5gkh4grbqe4g8b7.scm.centralindia-01.azurewebsites.net" X-Forwarded-Proto="https" X-AppService-Proto="https" X-Forwarded-TlsVersion="1.3" X-WAWS-Unencoded-URL="/api/deployments/latest?deployer=OneDeploy&amp;time=2025-12-06_10-36-51Z" X-Client-IP="172.190.93.131" X-Client-Port="60482" >
  <step title="Cleanup Xml Logs" date="2025-12-06T10:40:09.491" >
    <step title="Cleanup Infos" date="2025-12-06T10:40:09.540" totalFiles="465" totalCleanup="305" /><!-- duration: 12ms -->
  </step><!-- duration: 70ms -->
  <step title="DeploymentService.GetResult" date="2025-12-06T10:40:09.581" >
    <step title="DeploymentService.GetLatestDeployment" date="2025-12-06T10:40:09.583" >
      <step title="DeploymentManager.GetResults" date="2025-12-06T10:40:09.632" /><!-- duration: 924ms -->
    </step><!-- duration: 985ms -->
  </step><!-- duration: 1006ms -->
  <step title="Outgoing response" date="2025-12-06T10:40:10.626" type="response" statusCode="202" statusText="Accepted" /><!-- duration: 49ms -->
</step><!-- duration: 1243ms -->
