<step title="Incoming Request" date="2025-12-06T09:17:53.725" instance="c04aa1" url="/api/deployments/latest?deployer=OneDeploy&amp;time=2025-12-06_09-15-43Z" method="GET" type="request" pid="835,1,97" Host="adioncode-e5gkh4grbqe4g8b7.scm.centralindia-01.azurewebsites.net" User-Agent="GITHUBACTIONS_DeployWebAppToAzure_7650f946a874dfae82dfcd0347de284b67bb6ed9cc8e4f7291d8eb6cbb07caf2" Authorization="Bas..." Content-Type="application/json; charset=utf-8" Cookie="ARRAffinity=c04aa1d190c806a98365154610359be5f0b247a3d55e146cfd8e4942c8287e1c;Path=/;HttpOnly;Secure;Domain=adioncode-e5gkh4grbqe4g8b7.scm.centralindia-01.azurewebsites.net; ARRAffinitySameSite=c04aa1d190c806a98365154610359be5f0b247a3d55e146cfd8e4942c8287e1c;Path=/;HttpOnly;SameSite=None;Secure;Domain=adioncode-e5gkh4grbqe4g8b7.scm.centralindia-01.azurewebsites.net" Content-Length="0" X-ARR-LOG-ID="c2642334-e62b-4857-8d54-902b9c186104" CLIENT-IP="52.173.162.32:58304" X-SITE-DEPLOYMENT-ID="adioncode" WAS-DEFAULT-HOSTNAME="adioncode-e5gkh4grbqe4g8b7.scm.centralindia-01.azurewebsites.net" X-Forwarded-Proto="https" X-AppService-Proto="https" X-Forwarded-TlsVersion="1.3" X-WAWS-Unencoded-URL="/api/deployments/latest?deployer=OneDeploy&amp;time=2025-12-06_09-15-43Z" X-Client-IP="52.173.162.32" X-Client-Port="58304" >
  <step title="Cleanup Xml Logs" date="2025-12-06T09:17:53.735" >
    <step title="Cleanup Infos" date="2025-12-06T09:17:53.756" totalFiles="337" totalCleanup="177" /><!-- duration: 10ms -->
  </step><!-- duration: 42ms -->
  <step title="DeploymentService.GetResult" date="2025-12-06T09:17:53.805" >
    <step title="DeploymentService.GetLatestDeployment" date="2025-12-06T09:17:53.807" >
      <step title="DeploymentManager.GetResults" date="2025-12-06T09:17:53.815" /><!-- duration: 474ms -->
    </step><!-- duration: 511ms -->
  </step><!-- duration: 514ms -->
  <step title="Outgoing response" date="2025-12-06T09:17:54.321" type="response" statusCode="202" statusText="Accepted" /><!-- duration: 8ms -->
</step><!-- duration: 605ms -->
