<step title="Incoming Request" date="2025-12-04T20:21:34.291" instance="c04aa1" url="/api/publish?async=true&amp;deployer=GITHUB_ONE_DEPLOY&amp;type=zip&amp;message=%7B%22type%22%3A%22deployment%22%2C%22sha%22%3A%2269ae1a802066e50322aedd69fbab6f0e3a63dfdd%22%2C%22repoName%22%3A%22adityasingh03rajput%2Ftesting-server-%22%2C%22actor%22%3A%22adityasingh03rajput%22%2C%22slotName%22%3A%22Production%22%2C%22commitMessage%22%3A%22Remove%20duplicate%20workflow%20file%22%7D" method="POST" type="request" pid="835,1,15" Host="adioncode-e5gkh4grbqe4g8b7.scm.centralindia-01.azurewebsites.net" User-Agent="GITHUBACTIONS_DeployWebAppToAzure_7650f946a874dfae82dfcd0347de284b67bb6ed9cc8e4f7291d8eb6cbb07caf2" Authorization="Bas..." Content-Type="application/octet-stream" Cookie="ARRAffinity=c04aa1d190c806a98365154610359be5f0b247a3d55e146cfd8e4942c8287e1c;Path=/;HttpOnly;Secure;Domain=adioncode-e5gkh4grbqe4g8b7.scm.centralindia-01.azurewebsites.net; ARRAffinitySameSite=c04aa1d190c806a98365154610359be5f0b247a3d55e146cfd8e4942c8287e1c;Path=/;HttpOnly;SameSite=None;Secure;Domain=adioncode-e5gkh4grbqe4g8b7.scm.centralindia-01.azurewebsites.net" Transfer-Encoding="chunked" X-ARR-LOG-ID="910e5350-e6a1-44ea-b8ab-844d0db64cc7" CLIENT-IP="64.236.140.197:15360" X-SITE-DEPLOYMENT-ID="adioncode" WAS-DEFAULT-HOSTNAME="adioncode-e5gkh4grbqe4g8b7.scm.centralindia-01.azurewebsites.net" X-Forwarded-Proto="https" X-AppService-Proto="https" X-Forwarded-TlsVersion="1.3" X-WAWS-Unencoded-URL="/api/publish?async=true&amp;deployer=GITHUB_ONE_DEPLOY&amp;type=zip&amp;message=%7B%22type%22%3A%22deployment%22%2C%22sha%22%3A%2269ae1a802066e50322aedd69fbab6f0e3a63dfdd%22%2C%22repoName%22%3A%22adityasingh03rajput%2Ftesting-server-%22%2C%22actor%22%3A%22adityasingh03rajput%22%2C%22slotName%22%3A%22Production%22%2C%22commitMessage%22%3A%22Remove%20duplicate%20workflow%20file%22%7D" X-Client-IP="64.236.140.197" X-Client-Port="15360" >
  <step title="Cleanup Xml Logs" date="2025-12-04T20:21:34.293" /><!-- duration: 3ms -->
  <step title="OneDeploy" date="2025-12-04T20:21:34.362" >
    <step title="None repository commit" date="2025-12-04T20:21:34.371" >
      <step title="Commit id: c7d6addb-f450-4a1e-a40c-5a4f8fc63952" date="2025-12-04T20:21:34.373" Message="N/A" AuthorName="N/A" AuthorEmail="N/A" /><!-- duration: 1ms -->
    </step><!-- duration: 4ms -->
    <step title="Starting PushDeployAsync" date="2025-12-04T20:21:34.377" /><!-- duration: 1ms -->
    <step title="Removing node_modules symlink" date="2025-12-04T20:21:34.394" >
      <step title="Removing _del_node_modules symlink" date="2025-12-04T20:21:34.476" >
        <step title="Writing artifact to /tmp/zipdeploy/5a8986ff-a62b-4394-8e1d-0214472bf0dd.zip" date="2025-12-04T20:21:34.555" >
          <step title="Writing multipart request body to /tmp/zipdeploy/5a8986ff-a62b-4394-8e1d-0214472bf0dd.zip" date="2025-12-04T20:21:34.573" /><!-- duration: 11ms -->
        </step><!-- duration: 22277ms -->
        <step title="Start deployment in the background" date="2025-12-04T20:21:56.910" >
          <step title="Acquiring Deployment Lock" date="2025-12-04T20:21:57.171" /><!-- duration: 2ms -->
          <step title="Acquired Deployment Lock" date="2025-12-04T20:21:57.384" /><!-- duration: 19ms -->
        </step><!-- duration: 1077ms -->
      </step><!-- duration: 23671ms -->
      <step title="Outgoing response" date="2025-12-04T20:21:58.219" type="response" statusCode="202" statusText="Accepted" /><!-- duration: 9ms -->
    </step><!-- duration: 23835ms -->
