<step title="Incoming Request" date="2025-12-06T10:46:53.186" instance="c04aa1" url="/api/publish?async=true&amp;deployer=GITHUB_ONE_DEPLOY&amp;type=zip&amp;message=%7B%22type%22%3A%22deployment%22%2C%22sha%22%3A%22a30c1bad9b69477c48b80d7624828a4d8107293d%22%2C%22repoName%22%3A%22adityasingh03rajput%2Ftesting-server-%22%2C%22actor%22%3A%22adityasingh03rajput%22%2C%22slotName%22%3A%22Production%22%2C%22commitMessage%22%3A%22Add%20detailed%20logging%20to%20timer_update%20socket%20handler%20for%20debugging%22%7D" method="POST" type="request" pid="835,1,96" Host="adioncode-e5gkh4grbqe4g8b7.scm.centralindia-01.azurewebsites.net" User-Agent="GITHUBACTIONS_DeployWebAppToAzure_7650f946a874dfae82dfcd0347de284b67bb6ed9cc8e4f7291d8eb6cbb07caf2" Authorization="Bas..." Content-Type="application/octet-stream" Cookie="ARRAffinity=c04aa1d190c806a98365154610359be5f0b247a3d55e146cfd8e4942c8287e1c;Path=/;HttpOnly;Secure;Domain=adioncode-e5gkh4grbqe4g8b7.scm.centralindia-01.azurewebsites.net; ARRAffinitySameSite=c04aa1d190c806a98365154610359be5f0b247a3d55e146cfd8e4942c8287e1c;Path=/;HttpOnly;SameSite=None;Secure;Domain=adioncode-e5gkh4grbqe4g8b7.scm.centralindia-01.azurewebsites.net" Transfer-Encoding="chunked" X-ARR-LOG-ID="004e676b-3cdb-4310-9558-9c017f8cc839" CLIENT-IP="52.190.140.131:59416" X-SITE-DEPLOYMENT-ID="adioncode" WAS-DEFAULT-HOSTNAME="adioncode-e5gkh4grbqe4g8b7.scm.centralindia-01.azurewebsites.net" X-Forwarded-Proto="https" X-AppService-Proto="https" X-Forwarded-TlsVersion="1.3" X-WAWS-Unencoded-URL="/api/publish?async=true&amp;deployer=GITHUB_ONE_DEPLOY&amp;type=zip&amp;message=%7B%22type%22%3A%22deployment%22%2C%22sha%22%3A%22a30c1bad9b69477c48b80d7624828a4d8107293d%22%2C%22repoName%22%3A%22adityasingh03rajput%2Ftesting-server-%22%2C%22actor%22%3A%22adityasingh03rajput%22%2C%22slotName%22%3A%22Production%22%2C%22commitMessage%22%3A%22Add%20detailed%20logging%20to%20timer_update%20socket%20handler%20for%20debugging%22%7D" X-Client-IP="52.190.140.131" X-Client-Port="59416" >
  <step title="Cleanup Xml Logs" date="2025-12-06T10:46:53.188" >
    <step title="Cleanup Infos" date="2025-12-06T10:46:53.196" totalFiles="478" totalCleanup="318" /><!-- duration: 6ms -->
  </step><!-- duration: 18ms -->
  <step title="OneDeploy" date="2025-12-06T10:46:53.219" >
    <step title="Starting PushDeployAsync" date="2025-12-06T10:46:53.225" /><!-- duration: 1ms -->
    <step title="Removing node_modules symlink" date="2025-12-06T10:46:53.480" >
      <step title="Writing artifact to /tmp/zipdeploy/e3a01b13-2c3d-4e8c-b2dc-752ec6b5a21f.zip" date="2025-12-06T10:46:53.542" >
        <step title="Writing multipart request body to /tmp/zipdeploy/e3a01b13-2c3d-4e8c-b2dc-752ec6b5a21f.zip" date="2025-12-06T10:46:53.543" /><!-- duration: 7ms -->
      </step><!-- duration: 20854ms -->
      <step title="Start deployment in the background" date="2025-12-06T10:47:14.403" >
        <step title="Acquiring Deployment Lock" date="2025-12-06T10:47:14.505" /><!-- duration: 2ms -->
        <step title="Acquired Deployment Lock" date="2025-12-06T10:47:14.561" /><!-- duration: 3ms -->
      </step><!-- duration: 273ms -->
    </step><!-- duration: 21202ms -->
    <step title="Outgoing response" date="2025-12-06T10:47:14.788" type="response" statusCode="202" statusText="Accepted" /><!-- duration: 11ms -->
  </step><!-- duration: 21581ms -->
