<step title="Incoming Request" date="2025-12-04T20:38:09.760" instance="c04aa1" url="/api/deployments/latest?deployer=OneDeploy&amp;time=2025-12-04_20-35-00Z" method="GET" type="request" pid="835,1,15" Host="adioncode-e5gkh4grbqe4g8b7.scm.centralindia-01.azurewebsites.net" User-Agent="GITHUBACTIONS_DeployWebAppToAzure_7650f946a874dfae82dfcd0347de284b67bb6ed9cc8e4f7291d8eb6cbb07caf2" Authorization="Bas..." Content-Type="application/json; charset=utf-8" Cookie="ARRAffinity=c04aa1d190c806a98365154610359be5f0b247a3d55e146cfd8e4942c8287e1c;Path=/;HttpOnly;Secure;Domain=adioncode-e5gkh4grbqe4g8b7.scm.centralindia-01.azurewebsites.net; ARRAffinitySameSite=c04aa1d190c806a98365154610359be5f0b247a3d55e146cfd8e4942c8287e1c;Path=/;HttpOnly;SameSite=None;Secure;Domain=adioncode-e5gkh4grbqe4g8b7.scm.centralindia-01.azurewebsites.net" Content-Length="0" X-ARR-LOG-ID="8c3b1f82-cba8-4bc5-baa7-c2a0b44339db" CLIENT-IP="57.151.128.137:34880" X-SITE-DEPLOYMENT-ID="adioncode" WAS-DEFAULT-HOSTNAME="adioncode-e5gkh4grbqe4g8b7.scm.centralindia-01.azurewebsites.net" X-Forwarded-Proto="https" X-AppService-Proto="https" X-Forwarded-TlsVersion="1.3" X-WAWS-Unencoded-URL="/api/deployments/latest?deployer=OneDeploy&amp;time=2025-12-04_20-35-00Z" X-Client-IP="57.151.128.137" X-Client-Port="34880" >
  <step title="Cleanup Xml Logs" date="2025-12-04T20:38:09.762" >
    <step title="Cleanup Infos" date="2025-12-04T20:38:09.790" totalFiles="256" totalCleanup="96" /><!-- duration: 12ms -->
  </step><!-- duration: 49ms -->
  <step title="DeploymentService.GetResult" date="2025-12-04T20:38:09.831" >
    <step title="DeploymentService.GetLatestDeployment" date="2025-12-04T20:38:09.832" >
      <step title="DeploymentManager.GetResults" date="2025-12-04T20:38:09.834" /><!-- duration: 571ms -->
    </step><!-- duration: 575ms -->
  </step><!-- duration: 582ms -->
  <step title="Outgoing response" date="2025-12-04T20:38:10.422" type="response" statusCode="202" statusText="Accepted" /><!-- duration: 2ms -->
</step><!-- duration: 666ms -->
