<step title="BackgroundTrace" date="2025-12-04T19:08:28.577" instance="c04aa1" url="/api/publish" method="POST" >
  <step title="Cleanup Xml Logs" date="2025-12-04T19:08:28.586" /><!-- duration: 33ms -->
  <step title="Creating temporary deployment - FetchDeploymentManager" date="2025-12-04T19:08:28.742" /><!-- duration: 2ms -->
  <step title="Creating temporary deployment" date="2025-12-04T19:08:28.747" /><!-- duration: 191ms -->
  <step title="Performing fetch based deployment" date="2025-12-04T19:08:29.063" >
    <step title="Cleaning up temp folders from previous zip deployments and extracting pushed zip file /tmp/zipdeploy/8f4fc6f3-f1d2-43b5-97c9-a916d9b7eba7.zip (334.05 MB) to /tmp/zipdeploy/extracted" date="2025-12-04T19:08:30.630" >
      <step title="ChmodRecursive Process exited with total time taken in ms: 134" date="2025-12-04T19:09:43.678" /><!-- duration: 3ms -->
    </step><!-- duration: 73059ms -->
    <step title="Deployment timer started" date="2025-12-04T19:09:45.781" >
      <step title="DeploymentManager.Deploy(id:7c22f210-782e-4599-acca-7b4bcf9314fe)" date="2025-12-04T19:09:45.792" >
        <step title="Collecting changeset information" date="2025-12-04T19:09:45.841" /><!-- duration: 213ms -->
        <step title="Updating submodules" date="2025-12-04T19:09:46.057" /><!-- duration: 1139ms -->
        <step title="Determining deployment builder" date="2025-12-04T19:09:47.431" >
          <step title="Builder is OneDeployBuilder" date="2025-12-04T19:09:47.458" /><!-- duration: 10ms -->
        </step><!-- duration: 40ms -->
        <step title="PreDeployment: context.CleanOutputPath False" date="2025-12-04T19:09:47.546" >
          <step title="PreDeployment: context.OutputPath /home/site/wwwroot" date="2025-12-04T19:09:47.651" >
            <step title="Building" date="2025-12-04T19:09:47.847" >
              <step title="Executing external process" date="2025-12-04T19:09:48.509" type="process" path="starter.sh" arguments="/opt/Kudu/Scripts/absoluteTar.sh /tmp/zipdeploy/extracted/node_modules /tmp/zipdeploy/extracted/node_modules.tar.gz" >
                <step title="Cpu: gzip(113678,29.490s)+sh(113677,0.000s)+tar(113676,2.760s)+absoluteTar.sh(113675,0.010s)=total(32.250s)" date="2025-12-04T19:10:49.384" /><!-- duration: 9ms -->
                <step title="starter.sh: no io activity for 61s, prev-cpu=-1.000s, current-cpu=32.250s" date="2025-12-04T19:10:49.415" /><!-- duration: 59ms -->
                <step title="Cpu: gzip(113678,57.270s)+sh(113677,0.000s)+tar(113676,5.010s)+absoluteTar.sh(113675,0.010s)=total(62.290s)" date="2025-12-04T19:11:50.115" /><!-- duration: 10ms -->
                <step title="starter.sh: no io activity for 121s, prev-cpu=32.250s, current-cpu=62.290s" date="2025-12-04T19:11:50.175" /><!-- duration: 2ms -->
                <step title="Cpu: gzip(113678,82.500s)+sh(113677,0.000s)+tar(113676,6.610s)+absoluteTar.sh(113675,0.010s)=total(89.120s)" date="2025-12-04T19:12:50.918" /><!-- duration: 11ms -->
                <step title="starter.sh: no io activity for 182s, prev-cpu=62.290s, current-cpu=89.120s" date="2025-12-04T19:12:50.939" /><!-- duration: 41ms -->
              </step><!-- duration: 234301ms -->
              <step title="Executing external process" date="2025-12-04T19:13:43.456" type="process" path="starter.sh" arguments="/opt/Kudu/Scripts/parallel_rsync.sh /tmp/zipdeploy/extracted /home/site/wwwroot 8 /tmp/ False False node_modules " /><!-- duration: 18407ms -->
              <step title="Modified file to trigger a restart of the app container." date="2025-12-04T19:14:03.924" /><!-- duration: 2ms -->
              <step title="Skip function trigger and logicapp sync because function is not enabled." date="2025-12-04T19:14:03.945" /><!-- duration: 18ms -->
            </step><!-- duration: 257110ms -->
          </step><!-- duration: 257324ms -->
          <step title="Cleaning up temp files" date="2025-12-04T19:14:04.976" /><!-- duration: 26ms -->
          <step title="Cleaning up temp files" date="2025-12-04T19:14:05.004" /><!-- duration: 512ms -->
          <step title="Reloading status file with latest updates" date="2025-12-04T19:14:05.545" >
            <step title="WebHooksManager.PublishEventAsync: PostDeployment" date="2025-12-04T19:14:05.548" /><!-- duration: 153ms -->
          </step><!-- duration: 168ms -->
          <step title="Cleaning up temporary deployment - fetch deployment was successful" date="2025-12-04T19:14:05.751" /><!-- duration: 10ms -->
        </step><!-- duration: 258279ms -->
      </step><!-- duration: 260061ms -->
