<step title="Incoming Request" date="2025-12-06T09:16:40.980" instance="c04aa1" url="/api/deployments/latest?deployer=OneDeploy&amp;time=2025-12-06_09-15-43Z" method="GET" type="request" pid="835,1,98" Host="adioncode-e5gkh4grbqe4g8b7.scm.centralindia-01.azurewebsites.net" User-Agent="GITHUBACTIONS_DeployWebAppToAzure_7650f946a874dfae82dfcd0347de284b67bb6ed9cc8e4f7291d8eb6cbb07caf2" Authorization="Bas..." Content-Type="application/json; charset=utf-8" Cookie="ARRAffinity=c04aa1d190c806a98365154610359be5f0b247a3d55e146cfd8e4942c8287e1c;Path=/;HttpOnly;Secure;Domain=adioncode-e5gkh4grbqe4g8b7.scm.centralindia-01.azurewebsites.net; ARRAffinitySameSite=c04aa1d190c806a98365154610359be5f0b247a3d55e146cfd8e4942c8287e1c;Path=/;HttpOnly;SameSite=None;Secure;Domain=adioncode-e5gkh4grbqe4g8b7.scm.centralindia-01.azurewebsites.net" Content-Length="0" X-ARR-LOG-ID="31f8bf84-dd4d-40d5-88b4-6f3d4d3f3dc0" CLIENT-IP="52.173.162.32:58304" X-SITE-DEPLOYMENT-ID="adioncode" WAS-DEFAULT-HOSTNAME="adioncode-e5gkh4grbqe4g8b7.scm.centralindia-01.azurewebsites.net" X-Forwarded-Proto="https" X-AppService-Proto="https" X-Forwarded-TlsVersion="1.3" X-WAWS-Unencoded-URL="/api/deployments/latest?deployer=OneDeploy&amp;time=2025-12-06_09-15-43Z" X-Client-IP="52.173.162.32" X-Client-Port="58304" >
  <step title="Cleanup Xml Logs" date="2025-12-06T09:16:40.981" >
    <step title="Cleanup Infos" date="2025-12-06T09:16:40.988" totalFiles="327" totalCleanup="167" /><!-- duration: 9ms -->
  </step><!-- duration: 17ms -->
  <step title="DeploymentService.GetResult" date="2025-12-06T09:16:41.002" >
    <step title="DeploymentService.GetLatestDeployment" date="2025-12-06T09:16:41.003" >
      <step title="DeploymentManager.GetResults" date="2025-12-06T09:16:41.004" /><!-- duration: 400ms -->
    </step><!-- duration: 412ms -->
  </step><!-- duration: 432ms -->
  <step title="Outgoing response" date="2025-12-06T09:16:41.445" type="response" statusCode="202" statusText="Accepted" /><!-- duration: 11ms -->
</step><!-- duration: 494ms -->
