<step title="BackgroundTrace" date="2025-12-06T09:15:43.607" instance="c04aa1" url="/api/publish" method="POST" >
  <step title="Cleanup Xml Logs" date="2025-12-06T09:15:43.609" >
    <step title="Cleanup Infos" date="2025-12-06T09:15:43.622" totalFiles="318" totalCleanup="158" /><!-- duration: 5ms -->
  </step><!-- duration: 20ms -->
  <step title="Creating temporary deployment - FetchDeploymentManager" date="2025-12-06T09:15:43.792" /><!-- duration: 1ms -->
  <step title="Creating temporary deployment" date="2025-12-06T09:15:43.796" /><!-- duration: 66ms -->
  <step title="Performing fetch based deployment" date="2025-12-06T09:15:43.904" >
    <step title="Cleaning up temp folders from previous zip deployments and extracting pushed zip file /tmp/zipdeploy/a651c220-9a6d-443a-a646-cce63e69f44b.zip (334.05 MB) to /tmp/zipdeploy/extracted" date="2025-12-06T09:15:45.467" >
      <step title="ChmodRecursive Process exited with total time taken in ms: 341" date="2025-12-06T09:16:40.909" /><!-- duration: 7ms -->
    </step><!-- duration: 55454ms -->
    <step title="Deployment timer started" date="2025-12-06T09:16:42.980" >
      <step title="DeploymentManager.Deploy(id:791fd93a-89b2-4e99-8fdf-395a43be91a4)" date="2025-12-06T09:16:42.983" >
        <step title="Collecting changeset information" date="2025-12-06T09:16:43.017" /><!-- duration: 155ms -->
        <step title="Updating submodules" date="2025-12-06T09:16:43.174" /><!-- duration: 1141ms -->
        <step title="Determining deployment builder" date="2025-12-06T09:16:44.690" >
          <step title="Builder is OneDeployBuilder" date="2025-12-06T09:16:44.838" /><!-- duration: 12ms -->
        </step><!-- duration: 161ms -->
        <step title="PreDeployment: context.CleanOutputPath False" date="2025-12-06T09:16:44.903" >
          <step title="PreDeployment: context.OutputPath /home/site/wwwroot" date="2025-12-06T09:16:45.003" >
            <step title="Building" date="2025-12-06T09:16:45.133" >
              <step title="Executing external process" date="2025-12-06T09:16:45.834" type="process" path="starter.sh" arguments="/opt/Kudu/Scripts/absoluteTar.sh /tmp/zipdeploy/extracted/node_modules /tmp/zipdeploy/extracted/node_modules.tar.gz" >
                <step title="Cpu: gzip(28262,27.470s)+sh(28261,0.000s)+tar(28260,2.710s)+absoluteTar.sh(28259,0.000s)=total(30.180s)" date="2025-12-06T09:17:46.512" /><!-- duration: 20ms -->
                <step title="starter.sh: no io activity for 61s, prev-cpu=-1.000s, current-cpu=30.180s" date="2025-12-06T09:17:46.592" /><!-- duration: 21ms -->
                <step title="Cpu: gzip(28262,66.830s)+sh(28261,0.000s)+tar(28260,5.710s)+absoluteTar.sh(28259,0.000s)=total(72.540s)" date="2025-12-06T09:18:47.021" /><!-- duration: 20ms -->
                <step title="starter.sh: no io activity for 121s, prev-cpu=30.180s, current-cpu=72.540s" date="2025-12-06T09:18:47.051" /><!-- duration: 2ms -->
              </step><!-- duration: 169061ms -->
              <step title="Executing external process" date="2025-12-06T09:19:35.169" type="process" path="starter.sh" arguments="/opt/Kudu/Scripts/parallel_rsync.sh /tmp/zipdeploy/extracted /home/site/wwwroot 8 /tmp/ False False node_modules " /><!-- duration: 14948ms -->
              <step title="Modified file to trigger a restart of the app container." date="2025-12-06T09:19:50.893" /><!-- duration: 4ms -->
              <step title="Skip function trigger and logicapp sync because function is not enabled." date="2025-12-06T09:19:50.904" /><!-- duration: 8ms -->
            </step><!-- duration: 186708ms -->
          </step><!-- duration: 186841ms -->
          <step title="Cleaning up temp files" date="2025-12-06T09:19:51.845" /><!-- duration: 24ms -->
          <step title="Cleaning up temp files" date="2025-12-06T09:19:51.871" /><!-- duration: 507ms -->
          <step title="Reloading status file with latest updates" date="2025-12-06T09:19:52.458" >
            <step title="WebHooksManager.PublishEventAsync: PostDeployment" date="2025-12-06T09:19:52.480" /><!-- duration: 82ms -->
          </step><!-- duration: 105ms -->
          <step title="Cleaning up temporary deployment - fetch deployment was successful" date="2025-12-06T09:19:52.570" /><!-- duration: 2ms -->
        </step><!-- duration: 187723ms -->
      </step><!-- duration: 189659ms -->
