<step title="Incoming Request" date="2025-12-06T09:37:22.531" instance="c04aa1" url="/api/deployments/latest?deployer=OneDeploy&amp;time=2025-12-06_09-37-00Z" method="GET" type="request" pid="835,1,102" Host="adioncode-e5gkh4grbqe4g8b7.scm.centralindia-01.azurewebsites.net" User-Agent="GITHUBACTIONS_DeployWebAppToAzure_7650f946a874dfae82dfcd0347de284b67bb6ed9cc8e4f7291d8eb6cbb07caf2" Authorization="Bas..." Content-Type="application/json; charset=utf-8" Cookie="ARRAffinity=c04aa1d190c806a98365154610359be5f0b247a3d55e146cfd8e4942c8287e1c;Path=/;HttpOnly;Secure;Domain=adioncode-e5gkh4grbqe4g8b7.scm.centralindia-01.azurewebsites.net; ARRAffinitySameSite=c04aa1d190c806a98365154610359be5f0b247a3d55e146cfd8e4942c8287e1c;Path=/;HttpOnly;SameSite=None;Secure;Domain=adioncode-e5gkh4grbqe4g8b7.scm.centralindia-01.azurewebsites.net" Content-Length="0" X-ARR-LOG-ID="8edcfc1e-a212-4a7e-8996-47fdb6939e8d" CLIENT-IP="52.154.132.184:45098" X-SITE-DEPLOYMENT-ID="adioncode" WAS-DEFAULT-HOSTNAME="adioncode-e5gkh4grbqe4g8b7.scm.centralindia-01.azurewebsites.net" X-Forwarded-Proto="https" X-AppService-Proto="https" X-Forwarded-TlsVersion="1.3" X-WAWS-Unencoded-URL="/api/deployments/latest?deployer=OneDeploy&amp;time=2025-12-06_09-37-00Z" X-Client-IP="52.154.132.184" X-Client-Port="45098" >
  <step title="Cleanup Xml Logs" date="2025-12-06T09:37:22.540" >
    <step title="Cleanup Infos" date="2025-12-06T09:37:22.580" totalFiles="362" totalCleanup="202" /><!-- duration: 20ms -->
  </step><!-- duration: 62ms -->
  <step title="DeploymentService.GetResult" date="2025-12-06T09:37:22.661" >
    <step title="DeploymentService.GetLatestDeployment" date="2025-12-06T09:37:22.692" >
      <step title="DeploymentManager.GetResults" date="2025-12-06T09:37:22.721" /><!-- duration: 1015ms -->
    </step><!-- duration: 1054ms -->
  </step><!-- duration: 1104ms -->
  <step title="Outgoing response" date="2025-12-06T09:37:23.774" type="response" statusCode="202" statusText="Accepted" /><!-- duration: 10ms -->
</step><!-- duration: 1255ms -->
