<step title="Incoming Request" date="2025-12-06T09:15:19.505" instance="c04aa1" url="/api/publish?async=true&amp;deployer=GITHUB_ONE_DEPLOY&amp;type=zip&amp;message=%7B%22type%22%3A%22deployment%22%2C%22sha%22%3A%22044fea7085ee33655c8017659054b5b3dd3f70cf%22%2C%22repoName%22%3A%22adityasingh03rajput%2Ftesting-server-%22%2C%22actor%22%3A%22adityasingh03rajput%22%2C%22slotName%22%3A%22Production%22%2C%22commitMessage%22%3A%22Add%20%2Fapi%2Fview-records%2Fstudents%20endpoint%20to%20root%20index.js%20for%20teacher%20dashboard%22%7D" method="POST" type="request" pid="835,1,100" Host="adioncode-e5gkh4grbqe4g8b7.scm.centralindia-01.azurewebsites.net" User-Agent="GITHUBACTIONS_DeployWebAppToAzure_7650f946a874dfae82dfcd0347de284b67bb6ed9cc8e4f7291d8eb6cbb07caf2" Authorization="Bas..." Content-Type="application/octet-stream" Cookie="ARRAffinity=c04aa1d190c806a98365154610359be5f0b247a3d55e146cfd8e4942c8287e1c;Path=/;HttpOnly;Secure;Domain=adioncode-e5gkh4grbqe4g8b7.scm.centralindia-01.azurewebsites.net; ARRAffinitySameSite=c04aa1d190c806a98365154610359be5f0b247a3d55e146cfd8e4942c8287e1c;Path=/;HttpOnly;SameSite=None;Secure;Domain=adioncode-e5gkh4grbqe4g8b7.scm.centralindia-01.azurewebsites.net" Transfer-Encoding="chunked" X-ARR-LOG-ID="5c5905dd-8f57-4885-86b4-36ed988cf9d2" CLIENT-IP="52.173.162.32:58304" X-SITE-DEPLOYMENT-ID="adioncode" WAS-DEFAULT-HOSTNAME="adioncode-e5gkh4grbqe4g8b7.scm.centralindia-01.azurewebsites.net" X-Forwarded-Proto="https" X-AppService-Proto="https" X-Forwarded-TlsVersion="1.3" X-WAWS-Unencoded-URL="/api/publish?async=true&amp;deployer=GITHUB_ONE_DEPLOY&amp;type=zip&amp;message=%7B%22type%22%3A%22deployment%22%2C%22sha%22%3A%22044fea7085ee33655c8017659054b5b3dd3f70cf%22%2C%22repoName%22%3A%22adityasingh03rajput%2Ftesting-server-%22%2C%22actor%22%3A%22adityasingh03rajput%22%2C%22slotName%22%3A%22Production%22%2C%22commitMessage%22%3A%22Add%20%2Fapi%2Fview-records%2Fstudents%20endpoint%20to%20root%20index.js%20for%20teacher%20dashboard%22%7D" X-Client-IP="52.173.162.32" X-Client-Port="58304" >
  <step title="Cleanup Xml Logs" date="2025-12-06T09:15:19.512" >
    <step title="Cleanup Infos" date="2025-12-06T09:15:19.531" totalFiles="317" totalCleanup="157" /><!-- duration: 2ms -->
  </step><!-- duration: 23ms -->
  <step title="OneDeploy" date="2025-12-06T09:15:19.555" >
    <step title="Starting PushDeployAsync" date="2025-12-06T09:15:19.589" /><!-- duration: 2ms -->
    <step title="Removing node_modules symlink" date="2025-12-06T09:15:19.603" >
      <step title="Writing artifact to /tmp/zipdeploy/a651c220-9a6d-443a-a646-cce63e69f44b.zip" date="2025-12-06T09:15:19.803" >
        <step title="Writing multipart request body to /tmp/zipdeploy/a651c220-9a6d-443a-a646-cce63e69f44b.zip" date="2025-12-06T09:15:19.805" /><!-- duration: 27ms -->
      </step><!-- duration: 23790ms -->
      <step title="Start deployment in the background" date="2025-12-06T09:15:43.604" >
        <step title="Acquiring Deployment Lock" date="2025-12-06T09:15:43.672" /><!-- duration: 8ms -->
        <step title="Acquired Deployment Lock" date="2025-12-06T09:15:43.790" /><!-- duration: 2ms -->
      </step><!-- duration: 259ms -->
    </step><!-- duration: 24265ms -->
    <step title="Outgoing response" date="2025-12-06T09:15:43.874" type="response" statusCode="202" statusText="Accepted" /><!-- duration: 8ms -->
  </step><!-- duration: 24337ms -->
