<step title="Incoming Request" date="2025-12-06T09:37:15.185" instance="c04aa1" url="/api/deployments/latest?deployer=OneDeploy&amp;time=2025-12-06_09-37-00Z" method="GET" type="request" pid="835,1,96" Host="adioncode-e5gkh4grbqe4g8b7.scm.centralindia-01.azurewebsites.net" User-Agent="GITHUBACTIONS_DeployWebAppToAzure_7650f946a874dfae82dfcd0347de284b67bb6ed9cc8e4f7291d8eb6cbb07caf2" Authorization="Bas..." Content-Type="application/json; charset=utf-8" Cookie="ARRAffinity=c04aa1d190c806a98365154610359be5f0b247a3d55e146cfd8e4942c8287e1c;Path=/;HttpOnly;Secure;Domain=adioncode-e5gkh4grbqe4g8b7.scm.centralindia-01.azurewebsites.net; ARRAffinitySameSite=c04aa1d190c806a98365154610359be5f0b247a3d55e146cfd8e4942c8287e1c;Path=/;HttpOnly;SameSite=None;Secure;Domain=adioncode-e5gkh4grbqe4g8b7.scm.centralindia-01.azurewebsites.net" Content-Length="0" X-ARR-LOG-ID="297225b9-59d2-410a-b843-043a5c0776e5" CLIENT-IP="52.154.132.184:45096" X-SITE-DEPLOYMENT-ID="adioncode" WAS-DEFAULT-HOSTNAME="adioncode-e5gkh4grbqe4g8b7.scm.centralindia-01.azurewebsites.net" X-Forwarded-Proto="https" X-AppService-Proto="https" X-Forwarded-TlsVersion="1.3" X-WAWS-Unencoded-URL="/api/deployments/latest?deployer=OneDeploy&amp;time=2025-12-06_09-37-00Z" X-Client-IP="52.154.132.184" X-Client-Port="45096" >
  <step title="Cleanup Xml Logs" date="2025-12-06T09:37:15.187" >
    <step title="Cleanup Infos" date="2025-12-06T09:37:15.197" totalFiles="361" totalCleanup="201" /><!-- duration: 11ms -->
  </step><!-- duration: 31ms -->
  <step title="DeploymentService.GetResult" date="2025-12-06T09:37:15.255" >
    <step title="DeploymentService.GetLatestDeployment" date="2025-12-06T09:37:15.258" >
      <step title="DeploymentManager.GetResults" date="2025-12-06T09:37:15.266" /><!-- duration: 1126ms -->
    </step><!-- duration: 1174ms -->
  </step><!-- duration: 1195ms -->
  <step title="Outgoing response" date="2025-12-06T09:37:16.460" type="response" statusCode="202" statusText="Accepted" /><!-- duration: 10ms -->
</step><!-- duration: 1286ms -->
