<step title="Incoming Request" date="2025-11-27T18:05:02.634" instance="c04aa1" url="/api/publish?async=true&amp;deployer=GITHUB_ONE_DEPLOY&amp;type=zip&amp;message=%7B%22type%22%3A%22deployment%22%2C%22sha%22%3A%22682f67c89273dbb0708aacc27fdb84e7de739752%22%2C%22repoName%22%3A%22adityasingh03rajput%2Ftesting-server-%22%2C%22actor%22%3A%22adityasingh03rajput%22%2C%22slotName%22%3A%22Production%22%2C%22commitMessage%22%3A%22Add%20or%20update%20the%20Azure%20App%20Service%20build%20and%20deployment%20workflow%20config%22%7D" method="POST" type="request" pid="833,1,5" Host="adioncode-e5gkh4grbqe4g8b7.scm.centralindia-01.azurewebsites.net" User-Agent="GITHUBACTIONS_DeployWebAppToAzure_7650f946a874dfae82dfcd0347de284b67bb6ed9cc8e4f7291d8eb6cbb07caf2" Authorization="Bas..." Content-Type="application/octet-stream" Cookie="ARRAffinity=c04aa1d190c806a98365154610359be5f0b247a3d55e146cfd8e4942c8287e1c;Path=/;HttpOnly;Secure;Domain=adioncode-e5gkh4grbqe4g8b7.scm.centralindia-01.azurewebsites.net; ARRAffinitySameSite=c04aa1d190c806a98365154610359be5f0b247a3d55e146cfd8e4942c8287e1c;Path=/;HttpOnly;SameSite=None;Secure;Domain=adioncode-e5gkh4grbqe4g8b7.scm.centralindia-01.azurewebsites.net" Transfer-Encoding="chunked" X-ARR-LOG-ID="521eaa17-ff6a-4e2c-a571-82dc9a0598c5" CLIENT-IP="172.215.217.245:42017" X-SITE-DEPLOYMENT-ID="adioncode" WAS-DEFAULT-HOSTNAME="adioncode-e5gkh4grbqe4g8b7.scm.centralindia-01.azurewebsites.net" X-Forwarded-Proto="https" X-AppService-Proto="https" X-Forwarded-TlsVersion="1.3" X-WAWS-Unencoded-URL="/api/publish?async=true&amp;deployer=GITHUB_ONE_DEPLOY&amp;type=zip&amp;message=%7B%22type%22%3A%22deployment%22%2C%22sha%22%3A%22682f67c89273dbb0708aacc27fdb84e7de739752%22%2C%22repoName%22%3A%22adityasingh03rajput%2Ftesting-server-%22%2C%22actor%22%3A%22adityasingh03rajput%22%2C%22slotName%22%3A%22Production%22%2C%22commitMessage%22%3A%22Add%20or%20update%20the%20Azure%20App%20Service%20build%20and%20deployment%20workflow%20config%22%7D" X-Client-IP="172.215.217.245" X-Client-Port="42017" >
  <step title="Cleanup Xml Logs" date="2025-11-27T18:05:02.636" /><!-- duration: 10ms -->
  <step title="OneDeploy" date="2025-11-27T18:05:02.787" >
    <step title="None repository commit" date="2025-11-27T18:05:02.799" >
      <step title="Commit id: d828c856-5a5a-4c09-ba4d-265ec9869f04" date="2025-11-27T18:05:02.808" Message="N/A" AuthorName="N/A" AuthorEmail="N/A" /><!-- duration: 8ms -->
    </step><!-- duration: 19ms -->
    <step title="Starting PushDeployAsync" date="2025-11-27T18:05:02.828" /><!-- duration: 9ms -->
    <step title="Writing artifact to /tmp/zipdeploy/1fdf84dd-bac8-4e5c-9b1f-bbcdadb73d4b.zip" date="2025-11-27T18:05:02.848" >
      <step title="Writing multipart request body to /tmp/zipdeploy/1fdf84dd-bac8-4e5c-9b1f-bbcdadb73d4b.zip" date="2025-11-27T18:05:02.850" /><!-- duration: 1ms -->
    </step><!-- duration: 28236ms -->
    <step title="Start deployment in the background" date="2025-11-27T18:05:31.097" >
      <step title="Acquiring Deployment Lock" date="2025-11-27T18:05:31.150" /><!-- duration: 2ms -->
      <step title="Acquired Deployment Lock" date="2025-11-27T18:05:31.329" /><!-- duration: 2ms -->
    </step><!-- duration: 443ms -->
  </step><!-- duration: 28766ms -->
  <step title="Outgoing response" date="2025-11-27T18:05:31.570" type="response" statusCode="202" statusText="Accepted" /><!-- duration: 7ms -->
</step><!-- duration: 28944ms -->
