<step title="Incoming Request" date="2025-12-06T09:38:34.061" instance="c04aa1" url="/api/deployments/latest?deployer=OneDeploy&amp;time=2025-12-06_09-37-00Z" method="GET" type="request" pid="835,1,68" Host="adioncode-e5gkh4grbqe4g8b7.scm.centralindia-01.azurewebsites.net" User-Agent="GITHUBACTIONS_DeployWebAppToAzure_7650f946a874dfae82dfcd0347de284b67bb6ed9cc8e4f7291d8eb6cbb07caf2" Authorization="Bas..." Content-Type="application/json; charset=utf-8" Cookie="ARRAffinity=c04aa1d190c806a98365154610359be5f0b247a3d55e146cfd8e4942c8287e1c;Path=/;HttpOnly;Secure;Domain=adioncode-e5gkh4grbqe4g8b7.scm.centralindia-01.azurewebsites.net; ARRAffinitySameSite=c04aa1d190c806a98365154610359be5f0b247a3d55e146cfd8e4942c8287e1c;Path=/;HttpOnly;SameSite=None;Secure;Domain=adioncode-e5gkh4grbqe4g8b7.scm.centralindia-01.azurewebsites.net" Content-Length="0" X-ARR-LOG-ID="6fb84e7a-b940-481a-a955-d224520d6fd1" CLIENT-IP="52.154.132.184:45098" X-SITE-DEPLOYMENT-ID="adioncode" WAS-DEFAULT-HOSTNAME="adioncode-e5gkh4grbqe4g8b7.scm.centralindia-01.azurewebsites.net" X-Forwarded-Proto="https" X-AppService-Proto="https" X-Forwarded-TlsVersion="1.3" X-WAWS-Unencoded-URL="/api/deployments/latest?deployer=OneDeploy&amp;time=2025-12-06_09-37-00Z" X-Client-IP="52.154.132.184" X-Client-Port="45098" >
  <step title="Cleanup Xml Logs" date="2025-12-06T09:38:34.069" >
    <step title="Cleanup Infos" date="2025-12-06T09:38:34.120" totalFiles="372" totalCleanup="212" /><!-- duration: 22ms -->
  </step><!-- duration: 93ms -->
  <step title="DeploymentService.GetResult" date="2025-12-06T09:38:34.203" >
    <step title="DeploymentService.GetLatestDeployment" date="2025-12-06T09:38:34.211" >
      <step title="DeploymentManager.GetResults" date="2025-12-06T09:38:34.213" /><!-- duration: 693ms -->
    </step><!-- duration: 713ms -->
  </step><!-- duration: 723ms -->
  <step title="Outgoing response" date="2025-12-06T09:38:34.934" type="response" statusCode="202" statusText="Accepted" /><!-- duration: 1ms -->
</step><!-- duration: 883ms -->
