<step title="Incoming Request" date="2025-12-04T19:08:07.716" instance="c04aa1" url="/api/publish?async=true&amp;deployer=GITHUB_ONE_DEPLOY&amp;type=zip&amp;message=%7B%22type%22%3A%22deployment%22%2C%22sha%22%3A%228654a225d8bd5284901bf8e9d3b410dad5b57059%22%2C%22repoName%22%3A%22adityasingh03rajput%2Ftesting-server-%22%2C%22actor%22%3A%22adityasingh03rajput%22%2C%22slotName%22%3A%22Production%22%2C%22commitMessage%22%3A%22Add%20teacher%20calendar%20with%20student%20attendance%20details%20and%20new%20API%20endpoint%22%7D" method="POST" type="request" pid="831,1,70" Host="adioncode-e5gkh4grbqe4g8b7.scm.centralindia-01.azurewebsites.net" User-Agent="GITHUBACTIONS_DeployWebAppToAzure_7650f946a874dfae82dfcd0347de284b67bb6ed9cc8e4f7291d8eb6cbb07caf2" Authorization="Bas..." Content-Type="application/octet-stream" Cookie="ARRAffinity=c04aa1d190c806a98365154610359be5f0b247a3d55e146cfd8e4942c8287e1c;Path=/;HttpOnly;Secure;Domain=adioncode-e5gkh4grbqe4g8b7.scm.centralindia-01.azurewebsites.net; ARRAffinitySameSite=c04aa1d190c806a98365154610359be5f0b247a3d55e146cfd8e4942c8287e1c;Path=/;HttpOnly;SameSite=None;Secure;Domain=adioncode-e5gkh4grbqe4g8b7.scm.centralindia-01.azurewebsites.net" Transfer-Encoding="chunked" X-ARR-LOG-ID="5c03f66d-5a72-4c69-863c-1536e220c9b4" CLIENT-IP="68.220.60.145:36872" X-SITE-DEPLOYMENT-ID="adioncode" WAS-DEFAULT-HOSTNAME="adioncode-e5gkh4grbqe4g8b7.scm.centralindia-01.azurewebsites.net" X-Forwarded-Proto="https" X-AppService-Proto="https" X-Forwarded-TlsVersion="1.3" X-WAWS-Unencoded-URL="/api/publish?async=true&amp;deployer=GITHUB_ONE_DEPLOY&amp;type=zip&amp;message=%7B%22type%22%3A%22deployment%22%2C%22sha%22%3A%228654a225d8bd5284901bf8e9d3b410dad5b57059%22%2C%22repoName%22%3A%22adityasingh03rajput%2Ftesting-server-%22%2C%22actor%22%3A%22adityasingh03rajput%22%2C%22slotName%22%3A%22Production%22%2C%22commitMessage%22%3A%22Add%20teacher%20calendar%20with%20student%20attendance%20details%20and%20new%20API%20endpoint%22%7D" X-Client-IP="68.220.60.145" X-Client-Port="36872" >
  <step title="Cleanup Xml Logs" date="2025-12-04T19:08:07.734" /><!-- duration: 70ms -->
  <step title="OneDeploy" date="2025-12-04T19:08:08.037" >
    <step title="Starting PushDeployAsync" date="2025-12-04T19:08:08.078" /><!-- duration: 19ms -->
    <step title="Writing artifact to /tmp/zipdeploy/19d1f3e8-59a0-4290-92fe-00a2299c9aac.zip" date="2025-12-04T19:08:08.109" >
      <step title="Writing multipart request body to /tmp/zipdeploy/19d1f3e8-59a0-4290-92fe-00a2299c9aac.zip" date="2025-12-04T19:08:08.116" /><!-- duration: 2ms -->
    </step><!-- duration: 53683ms -->
    <step title="Start deployment in the background" date="2025-12-04T19:09:01.884" >
      <step title="Acquiring Deployment Lock" date="2025-12-04T19:09:02.053" /><!-- duration: 2ms -->
      <step title="Cannot Acquire Deployment Lock already held" date="2025-12-04T19:09:02.074" /><!-- duration: 11ms -->
    </step><!-- duration: 735ms -->
    <step title="There is a deployment currently in progress. Please try again when it completes." date="2025-12-04T19:09:02.687" /><!-- duration: 1ms -->
  </step><!-- duration: 54729ms -->
  <step title="Outgoing response" date="2025-12-04T19:09:02.787" type="response" statusCode="409" statusText="Conflict" /><!-- duration: 2ms -->
</step><!-- duration: 55091ms -->
