<step title="BackgroundTrace" date="2025-11-27T18:05:31.105" instance="c04aa1" url="/api/publish" method="POST" >
  <step title="Cleanup Xml Logs" date="2025-11-27T18:05:31.111" /><!-- duration: 10ms -->
  <step title="Creating temporary deployment - FetchDeploymentManager" date="2025-11-27T18:05:31.332" /><!-- duration: 6ms -->
  <step title="Creating temporary deployment" date="2025-11-27T18:05:31.340" /><!-- duration: 197ms -->
  <step title="Performing fetch based deployment" date="2025-11-27T18:05:31.589" >
    <step title="Cleaning up temp folders from previous zip deployments and extracting pushed zip file /tmp/zipdeploy/1fdf84dd-bac8-4e5c-9b1f-bbcdadb73d4b.zip (334.03 MB) to /tmp/zipdeploy/extracted" date="2025-11-27T18:05:32.804" >
      <step title="ChmodRecursive Process exited with total time taken in ms: 441" date="2025-11-27T18:06:27.877" /><!-- duration: 3ms -->
    </step><!-- duration: 55083ms -->
    <step title="Deployment timer started" date="2025-11-27T18:06:29.940" >
      <step title="DeploymentManager.Deploy(id:d828c856-5a5a-4c09-ba4d-265ec9869f04)" date="2025-11-27T18:06:29.943" >
        <step title="Collecting changeset information" date="2025-11-27T18:06:29.952" /><!-- duration: 85ms -->
        <step title="Updating submodules" date="2025-11-27T18:06:30.039" /><!-- duration: 1128ms -->
        <step title="Determining deployment builder" date="2025-11-27T18:06:31.424" >
          <step title="Builder is OneDeployBuilder" date="2025-11-27T18:06:31.454" /><!-- duration: 1ms -->
        </step><!-- duration: 33ms -->
        <step title="PreDeployment: context.CleanOutputPath False" date="2025-11-27T18:06:31.534" >
          <step title="PreDeployment: context.OutputPath /home/site/wwwroot" date="2025-11-27T18:06:31.670" >
            <step title="Building" date="2025-11-27T18:06:31.837" >
              <step title="Executing external process" date="2025-11-27T18:06:32.578" type="process" path="starter.sh" arguments="/opt/Kudu/Scripts/absoluteTar.sh /tmp/zipdeploy/extracted/node_modules /tmp/zipdeploy/extracted/node_modules.tar.gz" >
                <step title="Cpu: gzip(888,28.500s)+sh(887,0.000s)+tar(886,2.230s)+absoluteTar.sh(885,0.000s)=total(30.720s)" date="2025-11-27T18:07:33.437" /><!-- duration: 20ms -->
                <step title="starter.sh: no io activity for 61s, prev-cpu=-1.000s, current-cpu=30.720s" date="2025-11-27T18:07:33.475" /><!-- duration: 2ms -->
                <step title="Cpu: gzip(888,53.540s)+sh(887,0.000s)+tar(886,4.190s)+absoluteTar.sh(885,0.000s)=total(57.730s)" date="2025-11-27T18:08:34.013" /><!-- duration: 40ms -->
                <step title="starter.sh: no io activity for 121s, prev-cpu=30.720s, current-cpu=57.730s" date="2025-11-27T18:08:34.072" /><!-- duration: 2ms -->
                <step title="Cpu: gzip(888,85.090s)+sh(887,0.000s)+tar(886,6.220s)+absoluteTar.sh(885,0.000s)=total(91.310s)" date="2025-11-27T18:09:34.518" /><!-- duration: 49ms -->
                <step title="starter.sh: no io activity for 182s, prev-cpu=57.730s, current-cpu=91.310s" date="2025-11-27T18:09:34.578" /><!-- duration: 1ms -->
              </step><!-- duration: 206248ms -->
              <step title="Executing external process" date="2025-11-27T18:09:59.097" type="process" path="starter.sh" arguments="/opt/Kudu/Scripts/parallel_rsync.sh /tmp/zipdeploy/extracted /home/site/wwwroot 8 /tmp/ False False node_modules " /><!-- duration: 17565ms -->
              <step title="Modified file to trigger a restart of the app container." date="2025-11-27T18:10:17.593" /><!-- duration: 1ms -->
              <step title="Skip function trigger and logicapp sync because function is not enabled." date="2025-11-27T18:10:17.601" /><!-- duration: 1ms -->
            </step><!-- duration: 226405ms -->
          </step><!-- duration: 226573ms -->
          <step title="Cleaning up temp files" date="2025-11-27T18:10:18.245" /><!-- duration: 4ms -->
          <step title="Cleaning up temp files" date="2025-11-27T18:10:18.250" /><!-- duration: 504ms -->
          <step title="Reloading status file with latest updates" date="2025-11-27T18:10:18.793" >
            <step title="WebHooksManager.PublishEventAsync: PostDeployment" date="2025-11-27T18:10:18.796" /><!-- duration: 91ms -->
          </step><!-- duration: 95ms -->
          <step title="Cleaning up temporary deployment - fetch deployment was successful" date="2025-11-27T18:10:18.893" /><!-- duration: 1ms -->
        </step><!-- duration: 227441ms -->
      </step><!-- duration: 229051ms -->
