<step title="Incoming Request" date="2025-12-06T10:19:54.087" instance="c04aa1" url="/api/deployments/latest?deployer=OneDeploy&amp;time=2025-12-06_10-17-57Z" method="GET" type="request" pid="835,1,94" Host="adioncode-e5gkh4grbqe4g8b7.scm.centralindia-01.azurewebsites.net" User-Agent="GITHUBACTIONS_DeployWebAppToAzure_7650f946a874dfae82dfcd0347de284b67bb6ed9cc8e4f7291d8eb6cbb07caf2" Authorization="Bas..." Content-Type="application/json; charset=utf-8" Cookie="ARRAffinity=c04aa1d190c806a98365154610359be5f0b247a3d55e146cfd8e4942c8287e1c;Path=/;HttpOnly;Secure;Domain=adioncode-e5gkh4grbqe4g8b7.scm.centralindia-01.azurewebsites.net; ARRAffinitySameSite=c04aa1d190c806a98365154610359be5f0b247a3d55e146cfd8e4942c8287e1c;Path=/;HttpOnly;SameSite=None;Secure;Domain=adioncode-e5gkh4grbqe4g8b7.scm.centralindia-01.azurewebsites.net" Content-Length="0" X-ARR-LOG-ID="6f5d9b35-133f-450b-a205-67a99cbffb20" CLIENT-IP="68.220.61.178:33809" X-SITE-DEPLOYMENT-ID="adioncode" WAS-DEFAULT-HOSTNAME="adioncode-e5gkh4grbqe4g8b7.scm.centralindia-01.azurewebsites.net" X-Forwarded-Proto="https" X-AppService-Proto="https" X-Forwarded-TlsVersion="1.3" X-WAWS-Unencoded-URL="/api/deployments/latest?deployer=OneDeploy&amp;time=2025-12-06_10-17-57Z" X-Client-IP="68.220.61.178" X-Client-Port="33809" >
  <step title="Cleanup Xml Logs" date="2025-12-06T10:19:54.088" >
    <step title="Cleanup Infos" date="2025-12-06T10:19:54.127" totalFiles="417" totalCleanup="257" /><!-- duration: 20ms -->
  </step><!-- duration: 79ms -->
  <step title="DeploymentService.GetResult" date="2025-12-06T10:19:54.189" >
    <step title="DeploymentService.GetLatestDeployment" date="2025-12-06T10:19:54.208" >
      <step title="DeploymentManager.GetResults" date="2025-12-06T10:19:54.209" /><!-- duration: 915ms -->
    </step><!-- duration: 936ms -->
  </step><!-- duration: 964ms -->
  <step title="Outgoing response" date="2025-12-06T10:19:55.164" type="response" statusCode="202" statusText="Accepted" /><!-- duration: 8ms -->
</step><!-- duration: 1087ms -->
