<step title="Incoming Request" date="2025-12-06T08:54:29.173" instance="c04aa1" url="/api/deployments/latest?deployer=OneDeploy&amp;time=2025-12-06_08-52-16Z" method="GET" type="request" pid="835,1,65" Host="adioncode-e5gkh4grbqe4g8b7.scm.centralindia-01.azurewebsites.net" User-Agent="GITHUBACTIONS_DeployWebAppToAzure_7650f946a874dfae82dfcd0347de284b67bb6ed9cc8e4f7291d8eb6cbb07caf2" Authorization="Bas..." Content-Type="application/json; charset=utf-8" Cookie="ARRAffinity=c04aa1d190c806a98365154610359be5f0b247a3d55e146cfd8e4942c8287e1c;Path=/;HttpOnly;Secure;Domain=adioncode-e5gkh4grbqe4g8b7.scm.centralindia-01.azurewebsites.net; ARRAffinitySameSite=c04aa1d190c806a98365154610359be5f0b247a3d55e146cfd8e4942c8287e1c;Path=/;HttpOnly;SameSite=None;Secure;Domain=adioncode-e5gkh4grbqe4g8b7.scm.centralindia-01.azurewebsites.net" Content-Length="0" X-ARR-LOG-ID="ee5fc672-01cb-4d75-a24e-6a03c63c2771" CLIENT-IP="172.203.38.244:9217" X-SITE-DEPLOYMENT-ID="adioncode" WAS-DEFAULT-HOSTNAME="adioncode-e5gkh4grbqe4g8b7.scm.centralindia-01.azurewebsites.net" X-Forwarded-Proto="https" X-AppService-Proto="https" X-Forwarded-TlsVersion="1.3" X-WAWS-Unencoded-URL="/api/deployments/latest?deployer=OneDeploy&amp;time=2025-12-06_08-52-16Z" X-Client-IP="172.203.38.244" X-Client-Port="9217" >
  <step title="Cleanup Xml Logs" date="2025-12-06T08:54:29.181" >
    <step title="Cleanup Infos" date="2025-12-06T08:54:29.192" totalFiles="296" totalCleanup="136" /><!-- duration: 9ms -->
  </step><!-- duration: 21ms -->
  <step title="DeploymentService.GetResult" date="2025-12-06T08:54:29.221" >
    <step title="DeploymentService.GetLatestDeployment" date="2025-12-06T08:54:29.222" >
      <step title="DeploymentManager.GetResults" date="2025-12-06T08:54:29.230" /><!-- duration: 402ms -->
    </step><!-- duration: 413ms -->
  </step><!-- duration: 423ms -->
  <step title="Outgoing response" date="2025-12-06T08:54:29.653" type="response" statusCode="202" statusText="Accepted" /><!-- duration: 2ms -->
</step><!-- duration: 489ms -->
