<step title="Incoming Request" date="2025-12-06T10:40:55.617" instance="c04aa1" url="/api/deployments/latest?deployer=OneDeploy&amp;time=2025-12-06_10-36-51Z" method="GET" type="request" pid="835,1,100" Host="adioncode-e5gkh4grbqe4g8b7.scm.centralindia-01.azurewebsites.net" User-Agent="GITHUBACTIONS_DeployWebAppToAzure_7650f946a874dfae82dfcd0347de284b67bb6ed9cc8e4f7291d8eb6cbb07caf2" Authorization="Bas..." Content-Type="application/json; charset=utf-8" Cookie="ARRAffinity=c04aa1d190c806a98365154610359be5f0b247a3d55e146cfd8e4942c8287e1c;Path=/;HttpOnly;Secure;Domain=adioncode-e5gkh4grbqe4g8b7.scm.centralindia-01.azurewebsites.net; ARRAffinitySameSite=c04aa1d190c806a98365154610359be5f0b247a3d55e146cfd8e4942c8287e1c;Path=/;HttpOnly;SameSite=None;Secure;Domain=adioncode-e5gkh4grbqe4g8b7.scm.centralindia-01.azurewebsites.net" Content-Length="0" X-ARR-LOG-ID="73934f6c-be5e-413f-884c-b18edeaacada" CLIENT-IP="172.190.93.131:60481" X-SITE-DEPLOYMENT-ID="adioncode" WAS-DEFAULT-HOSTNAME="adioncode-e5gkh4grbqe4g8b7.scm.centralindia-01.azurewebsites.net" X-Forwarded-Proto="https" X-AppService-Proto="https" X-Forwarded-TlsVersion="1.3" X-WAWS-Unencoded-URL="/api/deployments/latest?deployer=OneDeploy&amp;time=2025-12-06_10-36-51Z" X-Client-IP="172.190.93.131" X-Client-Port="60481" >
  <step title="Cleanup Xml Logs" date="2025-12-06T10:40:55.635" >
    <step title="Cleanup Infos" date="2025-12-06T10:40:55.667" totalFiles="471" totalCleanup="311" /><!-- duration: 10ms -->
  </step><!-- duration: 42ms -->
  <step title="DeploymentService.GetResult" date="2025-12-06T10:40:55.688" >
    <step title="DeploymentService.GetLatestDeployment" date="2025-12-06T10:40:55.698" >
      <step title="DeploymentManager.GetResults" date="2025-12-06T10:40:55.715" /><!-- duration: 799ms -->
    </step><!-- duration: 824ms -->
  </step><!-- duration: 836ms -->
  <step title="Outgoing response" date="2025-12-06T10:40:56.531" type="response" statusCode="202" statusText="Accepted" /><!-- duration: 2ms -->
</step><!-- duration: 917ms -->
