<step title="Incoming Request" date="2025-12-06T09:17:24.899" instance="c04aa1" url="/api/deployments/latest?deployer=OneDeploy&amp;time=2025-12-06_09-15-43Z" method="GET" type="request" pid="835,1,94" Host="adioncode-e5gkh4grbqe4g8b7.scm.centralindia-01.azurewebsites.net" User-Agent="GITHUBACTIONS_DeployWebAppToAzure_7650f946a874dfae82dfcd0347de284b67bb6ed9cc8e4f7291d8eb6cbb07caf2" Authorization="Bas..." Content-Type="application/json; charset=utf-8" Cookie="ARRAffinity=c04aa1d190c806a98365154610359be5f0b247a3d55e146cfd8e4942c8287e1c;Path=/;HttpOnly;Secure;Domain=adioncode-e5gkh4grbqe4g8b7.scm.centralindia-01.azurewebsites.net; ARRAffinitySameSite=c04aa1d190c806a98365154610359be5f0b247a3d55e146cfd8e4942c8287e1c;Path=/;HttpOnly;SameSite=None;Secure;Domain=adioncode-e5gkh4grbqe4g8b7.scm.centralindia-01.azurewebsites.net" Content-Length="0" X-ARR-LOG-ID="9c9a5c3c-516e-4a5b-abd8-9e0c2903e4a9" CLIENT-IP="52.173.162.32:58304" X-SITE-DEPLOYMENT-ID="adioncode" WAS-DEFAULT-HOSTNAME="adioncode-e5gkh4grbqe4g8b7.scm.centralindia-01.azurewebsites.net" X-Forwarded-Proto="https" X-AppService-Proto="https" X-Forwarded-TlsVersion="1.3" X-WAWS-Unencoded-URL="/api/deployments/latest?deployer=OneDeploy&amp;time=2025-12-06_09-15-43Z" X-Client-IP="52.173.162.32" X-Client-Port="58304" >
  <step title="Cleanup Xml Logs" date="2025-12-06T09:17:24.901" >
    <step title="Cleanup Infos" date="2025-12-06T09:17:24.980" totalFiles="333" totalCleanup="173" /><!-- duration: 32ms -->
  </step><!-- duration: 140ms -->
  <step title="DeploymentService.GetResult" date="2025-12-06T09:17:25.062" >
    <step title="DeploymentService.GetLatestDeployment" date="2025-12-06T09:17:25.101" >
      <step title="DeploymentManager.GetResults" date="2025-12-06T09:17:25.120" /><!-- duration: 1087ms -->
    </step><!-- duration: 1126ms -->
  </step><!-- duration: 1183ms -->
  <step title="Outgoing response" date="2025-12-06T09:17:26.247" type="response" statusCode="202" statusText="Accepted" /><!-- duration: 19ms -->
</step><!-- duration: 1368ms -->
