<step title="BackgroundTrace" date="2025-11-27T18:18:44.318" instance="c04aa1" url="/api/publish" method="POST" >
  <step title="Cleanup Xml Logs" date="2025-11-27T18:18:44.324" /><!-- duration: 11ms -->
  <step title="Creating temporary deployment - FetchDeploymentManager" date="2025-11-27T18:18:44.435" /><!-- duration: 1ms -->
  <step title="Creating temporary deployment" date="2025-11-27T18:18:44.444" /><!-- duration: 101ms -->
  <step title="Performing fetch based deployment" date="2025-11-27T18:18:44.579" >
    <step title="Cleaning up temp folders from previous zip deployments and extracting pushed zip file /tmp/zipdeploy/516f14b8-552c-4a76-8104-3e7866a35863.zip (334.03 MB) to /tmp/zipdeploy/extracted" date="2025-11-27T18:18:45.739" >
      <step title="ChmodRecursive Process exited with total time taken in ms: 632" date="2025-11-27T18:19:38.083" /><!-- duration: 10ms -->
    </step><!-- duration: 52362ms -->
    <step title="Deployment timer started" date="2025-11-27T18:19:40.124" >
      <step title="DeploymentManager.Deploy(id:fca37879-14ed-49ab-b727-a45a865b8cdc)" date="2025-11-27T18:19:40.127" >
        <step title="Collecting changeset information" date="2025-11-27T18:19:40.159" /><!-- duration: 87ms -->
        <step title="Updating submodules" date="2025-11-27T18:19:40.249" /><!-- duration: 1157ms -->
        <step title="Determining deployment builder" date="2025-11-27T18:19:41.624" >
          <step title="Builder is OneDeployBuilder" date="2025-11-27T18:19:41.646" /><!-- duration: 10ms -->
        </step><!-- duration: 34ms -->
        <step title="PreDeployment: context.CleanOutputPath False" date="2025-11-27T18:19:41.707" >
          <step title="PreDeployment: context.OutputPath /home/site/wwwroot" date="2025-11-27T18:19:41.834" >
            <step title="Building" date="2025-11-27T18:19:41.985" >
              <step title="Executing external process" date="2025-11-27T18:19:42.760" type="process" path="starter.sh" arguments="/opt/Kudu/Scripts/absoluteTar.sh /tmp/zipdeploy/extracted/node_modules /tmp/zipdeploy/extracted/node_modules.tar.gz" >
                <step title="Cpu: gzip(1135,22.570s)+sh(1134,0.000s)+tar(1133,2.420s)+absoluteTar.sh(1132,0.000s)=total(24.990s)" date="2025-11-27T18:20:43.418" /><!-- duration: 13ms -->
                <step title="starter.sh: no io activity for 61s, prev-cpu=-1.000s, current-cpu=24.990s" date="2025-11-27T18:20:43.458" /><!-- duration: 21ms -->
