<step title="Incoming Request" date="2025-12-06T10:20:15.100" instance="c04aa1" url="/api/deployments/latest?deployer=OneDeploy&amp;time=2025-12-06_10-17-57Z" method="GET" type="request" pid="835,1,94" Host="adioncode-e5gkh4grbqe4g8b7.scm.centralindia-01.azurewebsites.net" User-Agent="GITHUBACTIONS_DeployWebAppToAzure_7650f946a874dfae82dfcd0347de284b67bb6ed9cc8e4f7291d8eb6cbb07caf2" Authorization="Bas..." Content-Type="application/json; charset=utf-8" Cookie="ARRAffinity=c04aa1d190c806a98365154610359be5f0b247a3d55e146cfd8e4942c8287e1c;Path=/;HttpOnly;Secure;Domain=adioncode-e5gkh4grbqe4g8b7.scm.centralindia-01.azurewebsites.net; ARRAffinitySameSite=c04aa1d190c806a98365154610359be5f0b247a3d55e146cfd8e4942c8287e1c;Path=/;HttpOnly;SameSite=None;Secure;Domain=adioncode-e5gkh4grbqe4g8b7.scm.centralindia-01.azurewebsites.net" Content-Length="0" X-ARR-LOG-ID="ebdff859-04a4-471d-856f-11aa669e217a" CLIENT-IP="68.220.61.178:33808" X-SITE-DEPLOYMENT-ID="adioncode" WAS-DEFAULT-HOSTNAME="adioncode-e5gkh4grbqe4g8b7.scm.centralindia-01.azurewebsites.net" X-Forwarded-Proto="https" X-AppService-Proto="https" X-Forwarded-TlsVersion="1.3" X-WAWS-Unencoded-URL="/api/deployments/latest?deployer=OneDeploy&amp;time=2025-12-06_10-17-57Z" X-Client-IP="68.220.61.178" X-Client-Port="33808" >
  <step title="Cleanup Xml Logs" date="2025-12-06T10:20:15.108" >
    <step title="Cleanup Infos" date="2025-12-06T10:20:15.149" totalFiles="420" totalCleanup="260" /><!-- duration: 3ms -->
  </step><!-- duration: 50ms -->
  <step title="DeploymentService.GetResult" date="2025-12-06T10:20:15.170" >
    <step title="DeploymentService.GetLatestDeployment" date="2025-12-06T10:20:15.172" >
      <step title="DeploymentManager.GetResults" date="2025-12-06T10:20:15.180" /><!-- duration: 674ms -->
    </step><!-- duration: 684ms -->
  </step><!-- duration: 692ms -->
  <step title="Outgoing response" date="2025-12-06T10:20:15.863" type="response" statusCode="202" statusText="Accepted" /><!-- duration: 2ms -->
</step><!-- duration: 771ms -->
