<step title="BackgroundTrace" date="2025-12-04T20:21:56.951" instance="c04aa1" url="/api/publish" method="POST" >
  <step title="Cleanup Xml Logs" date="2025-12-04T20:21:56.969" /><!-- duration: 21ms -->
  <step title="Creating temporary deployment - FetchDeploymentManager" date="2025-12-04T20:21:57.433" /><!-- duration: 2ms -->
  <step title="Creating temporary deployment" date="2025-12-04T20:21:57.445" /><!-- duration: 530ms -->
  <step title="Performing fetch based deployment" date="2025-12-04T20:21:58.329" >
    <step title="Cleaning up temp folders from previous zip deployments and extracting pushed zip file /tmp/zipdeploy/5a8986ff-a62b-4394-8e1d-0214472bf0dd.zip (334.05 MB) to /tmp/zipdeploy/extracted" date="2025-12-04T20:21:59.758" >
      <step title="ChmodRecursive Process exited with total time taken in ms: 726" date="2025-12-04T20:23:19.636" /><!-- duration: 3ms -->
    </step><!-- duration: 79897ms -->
    <step title="Deployment timer started" date="2025-12-04T20:23:21.675" >
      <step title="DeploymentManager.Deploy(id:c7d6addb-f450-4a1e-a40c-5a4f8fc63952)" date="2025-12-04T20:23:21.680" >
        <step title="Collecting changeset information" date="2025-12-04T20:23:21.727" /><!-- duration: 214ms -->
        <step title="Updating submodules" date="2025-12-04T20:23:21.949" /><!-- duration: 1117ms -->
        <step title="Determining deployment builder" date="2025-12-04T20:23:23.567" >
          <step title="Builder is OneDeployBuilder" date="2025-12-04T20:23:23.600" /><!-- duration: 1ms -->
        </step><!-- duration: 36ms -->
        <step title="PreDeployment: context.CleanOutputPath False" date="2025-12-04T20:23:23.676" >
          <step title="PreDeployment: context.OutputPath /home/site/wwwroot" date="2025-12-04T20:23:23.779" >
            <step title="Building" date="2025-12-04T20:23:23.912" >
              <step title="Executing external process" date="2025-12-04T20:23:24.576" type="process" path="starter.sh" arguments="/opt/Kudu/Scripts/absoluteTar.sh /tmp/zipdeploy/extracted/node_modules /tmp/zipdeploy/extracted/node_modules.tar.gz" >
                <step title="Cpu: gzip(940,38.320s)+sh(939,0.000s)+tar(938,3.190s)+absoluteTar.sh(937,0.010s)=total(41.520s)" date="2025-12-04T20:24:25.255" /><!-- duration: 12ms -->
                <step title="starter.sh: no io activity for 60s, prev-cpu=-1.000s, current-cpu=41.520s" date="2025-12-04T20:24:25.286" /><!-- duration: 10ms -->
                <step title="Cpu: gzip(940,81.320s)+sh(939,0.000s)+tar(938,5.770s)+absoluteTar.sh(937,0.010s)=total(87.100s)" date="2025-12-04T20:25:25.678" /><!-- duration: 39ms -->
                <step title="starter.sh: no io activity for 121s, prev-cpu=41.520s, current-cpu=87.100s" date="2025-12-04T20:25:25.727" /><!-- duration: 1ms -->
              </step><!-- duration: 152445ms -->
              <step title="Executing external process" date="2025-12-04T20:25:57.410" type="process" path="starter.sh" arguments="/opt/Kudu/Scripts/parallel_rsync.sh /tmp/zipdeploy/extracted /home/site/wwwroot 8 /tmp/ False False node_modules " /><!-- duration: 20361ms -->
              <step title="Modified file to trigger a restart of the app container." date="2025-12-04T20:26:18.424" /><!-- duration: 1ms -->
              <step title="Skip function trigger and logicapp sync because function is not enabled." date="2025-12-04T20:26:18.450" /><!-- duration: 10ms -->
            </step><!-- duration: 175276ms -->
          </step><!-- duration: 175412ms -->
          <step title="Cleaning up temp files" date="2025-12-04T20:26:19.193" /><!-- duration: 11ms -->
          <step title="Cleaning up temp files" date="2025-12-04T20:26:19.215" /><!-- duration: 522ms -->
          <step title="Reloading status file with latest updates" date="2025-12-04T20:26:19.807" >
            <step title="WebHooksManager.PublishEventAsync: PostDeployment" date="2025-12-04T20:26:19.819" /><!-- duration: 152ms -->
          </step><!-- duration: 169ms -->
          <step title="Cleaning up temporary deployment - fetch deployment was successful" date="2025-12-04T20:26:19.981" /><!-- duration: 2ms -->
        </step><!-- duration: 176625ms -->
      </step><!-- duration: 178630ms -->
