<step title="Incoming Request" date="2025-12-06T10:48:16.744" instance="c04aa1" url="/api/deployments/latest?deployer=OneDeploy&amp;time=2025-12-06_10-47-14Z" method="GET" type="request" pid="835,1,94" Host="adioncode-e5gkh4grbqe4g8b7.scm.centralindia-01.azurewebsites.net" User-Agent="GITHUBACTIONS_DeployWebAppToAzure_7650f946a874dfae82dfcd0347de284b67bb6ed9cc8e4f7291d8eb6cbb07caf2" Authorization="Bas..." Content-Type="application/json; charset=utf-8" Cookie="ARRAffinity=c04aa1d190c806a98365154610359be5f0b247a3d55e146cfd8e4942c8287e1c;Path=/;HttpOnly;Secure;Domain=adioncode-e5gkh4grbqe4g8b7.scm.centralindia-01.azurewebsites.net; ARRAffinitySameSite=c04aa1d190c806a98365154610359be5f0b247a3d55e146cfd8e4942c8287e1c;Path=/;HttpOnly;SameSite=None;Secure;Domain=adioncode-e5gkh4grbqe4g8b7.scm.centralindia-01.azurewebsites.net" Content-Length="0" X-ARR-LOG-ID="65d4d1f2-555f-4ff4-8a1b-5e6370fdfa8a" CLIENT-IP="52.190.140.131:59416" X-SITE-DEPLOYMENT-ID="adioncode" WAS-DEFAULT-HOSTNAME="adioncode-e5gkh4grbqe4g8b7.scm.centralindia-01.azurewebsites.net" X-Forwarded-Proto="https" X-AppService-Proto="https" X-Forwarded-TlsVersion="1.3" X-WAWS-Unencoded-URL="/api/deployments/latest?deployer=OneDeploy&amp;time=2025-12-06_10-47-14Z" X-Client-IP="52.190.140.131" X-Client-Port="59416" >
  <step title="Cleanup Xml Logs" date="2025-12-06T10:48:16.745" >
    <step title="Cleanup Infos" date="2025-12-06T10:48:16.776" totalFiles="488" totalCleanup="328" /><!-- duration: 11ms -->
  </step><!-- duration: 50ms -->
  <step title="DeploymentService.GetResult" date="2025-12-06T10:48:16.825" >
    <step title="DeploymentService.GetLatestDeployment" date="2025-12-06T10:48:16.827" >
      <step title="DeploymentManager.GetResults" date="2025-12-06T10:48:16.845" /><!-- duration: 1044ms -->
    </step><!-- duration: 1073ms -->
  </step><!-- duration: 1085ms -->
  <step title="Outgoing response" date="2025-12-06T10:48:17.919" type="response" statusCode="202" statusText="Accepted" /><!-- duration: 10ms -->
</step><!-- duration: 1188ms -->
