<step title="Incoming Request" date="2025-12-04T20:23:56.076" instance="c04aa1" url="/api/deployments/latest?deployer=OneDeploy&amp;time=2025-12-04_20-21-58Z" method="GET" type="request" pid="835,1,7" Host="adioncode-e5gkh4grbqe4g8b7.scm.centralindia-01.azurewebsites.net" User-Agent="GITHUBACTIONS_DeployWebAppToAzure_7650f946a874dfae82dfcd0347de284b67bb6ed9cc8e4f7291d8eb6cbb07caf2" Authorization="Bas..." Content-Type="application/json; charset=utf-8" Cookie="ARRAffinity=c04aa1d190c806a98365154610359be5f0b247a3d55e146cfd8e4942c8287e1c;Path=/;HttpOnly;Secure;Domain=adioncode-e5gkh4grbqe4g8b7.scm.centralindia-01.azurewebsites.net; ARRAffinitySameSite=c04aa1d190c806a98365154610359be5f0b247a3d55e146cfd8e4942c8287e1c;Path=/;HttpOnly;SameSite=None;Secure;Domain=adioncode-e5gkh4grbqe4g8b7.scm.centralindia-01.azurewebsites.net" Content-Length="0" X-ARR-LOG-ID="bea0f975-04aa-4aa2-b031-3d717b4af7ce" CLIENT-IP="64.236.140.197:15362" X-SITE-DEPLOYMENT-ID="adioncode" WAS-DEFAULT-HOSTNAME="adioncode-e5gkh4grbqe4g8b7.scm.centralindia-01.azurewebsites.net" X-Forwarded-Proto="https" X-AppService-Proto="https" X-Forwarded-TlsVersion="1.3" X-WAWS-Unencoded-URL="/api/deployments/latest?deployer=OneDeploy&amp;time=2025-12-04_20-21-58Z" X-Client-IP="64.236.140.197" X-Client-Port="15362" >
  <step title="Cleanup Xml Logs" date="2025-12-04T20:23:56.269" >
    <step title="Cleanup Infos" date="2025-12-04T20:23:56.298" totalFiles="204" totalCleanup="44" /><!-- duration: 19ms -->
  </step><!-- duration: 57ms -->
  <step title="DeploymentService.GetResult" date="2025-12-04T20:23:56.346" >
    <step title="DeploymentService.GetLatestDeployment" date="2025-12-04T20:23:56.356" >
      <step title="DeploymentManager.GetResults" date="2025-12-04T20:23:56.367" /><!-- duration: 563ms -->
    </step><!-- duration: 595ms -->
  </step><!-- duration: 615ms -->
  <step title="Outgoing response" date="2025-12-04T20:23:56.972" type="response" statusCode="202" statusText="Accepted" /><!-- duration: 9ms -->
</step><!-- duration: 907ms -->
