<step title="BackgroundTrace" date="2025-11-27T18:43:43.806" instance="c04aa1" url="/api/publish" method="POST" >
  <step title="Cleanup Xml Logs" date="2025-11-27T18:43:43.813" /><!-- duration: 11ms -->
  <step title="Creating temporary deployment - FetchDeploymentManager" date="2025-11-27T18:43:43.900" /><!-- duration: 1ms -->
  <step title="Creating temporary deployment" date="2025-11-27T18:43:43.903" /><!-- duration: 68ms -->
  <step title="Performing fetch based deployment" date="2025-11-27T18:43:44.016" >
    <step title="Cleaning up temp folders from previous zip deployments and extracting pushed zip file /tmp/zipdeploy/497a3964-41f0-414e-a24a-1905584dea1d.zip (334.03 MB) to /tmp/zipdeploy/extracted" date="2025-11-27T18:43:45.217" >
      <step title="ChmodRecursive Process exited with total time taken in ms: 299" date="2025-11-27T18:44:33.046" /><!-- duration: 3ms -->
    </step><!-- duration: 47840ms -->
    <step title="Deployment timer started" date="2025-11-27T18:44:35.089" >
      <step title="DeploymentManager.Deploy(id:d7c38622-4321-4f55-a1e8-9a1509ffac38)" date="2025-11-27T18:44:35.092" >
        <step title="Collecting changeset information" date="2025-11-27T18:44:35.141" /><!-- duration: 88ms -->
        <step title="Updating submodules" date="2025-11-27T18:44:35.231" /><!-- duration: 1134ms -->
        <step title="Determining deployment builder" date="2025-11-27T18:44:36.584" >
          <step title="Builder is OneDeployBuilder" date="2025-11-27T18:44:36.588" /><!-- duration: 1ms -->
        </step><!-- duration: 7ms -->
        <step title="PreDeployment: context.CleanOutputPath False" date="2025-11-27T18:44:36.635" >
          <step title="PreDeployment: context.OutputPath /home/site/wwwroot" date="2025-11-27T18:44:36.779" >
            <step title="Building" date="2025-11-27T18:44:36.943" >
              <step title="Executing external process" date="2025-11-27T18:44:37.701" type="process" path="starter.sh" arguments="/opt/Kudu/Scripts/absoluteTar.sh /tmp/zipdeploy/extracted/node_modules /tmp/zipdeploy/extracted/node_modules.tar.gz" >
                <step title="Cpu: gzip(1216,38.880s)+sh(1215,0.000s)+tar(1214,2.900s)+absoluteTar.sh(1213,0.010s)=total(41.780s)" date="2025-11-27T18:45:38.348" /><!-- duration: 10ms -->
                <step title="starter.sh: no io activity for 60s, prev-cpu=-1.000s, current-cpu=41.780s" date="2025-11-27T18:45:38.377" /><!-- duration: 2ms -->
                <step title="Cpu: gzip(1216,82.490s)+sh(1215,0.000s)+tar(1214,5.570s)+absoluteTar.sh(1213,0.010s)=total(88.070s)" date="2025-11-27T18:46:38.787" /><!-- duration: 10ms -->
                <step title="starter.sh: no io activity for 121s, prev-cpu=41.780s, current-cpu=88.070s" date="2025-11-27T18:46:38.808" /><!-- duration: 2ms -->
              </step><!-- duration: 147265ms -->
              <step title="Executing external process" date="2025-11-27T18:47:05.330" type="process" path="starter.sh" arguments="/opt/Kudu/Scripts/parallel_rsync.sh /tmp/zipdeploy/extracted /home/site/wwwroot 8 /tmp/ False False node_modules " /><!-- duration: 23179ms -->
              <step title="Modified file to trigger a restart of the app container." date="2025-11-27T18:47:30.030" /><!-- duration: 2ms -->
              <step title="Skip function trigger and logicapp sync because function is not enabled." date="2025-11-27T18:47:30.055" /><!-- duration: 10ms -->
              <step title="Purge deployment items" date="2025-11-27T18:47:30.796" >
                <step title="Remove fca37879-, Failed, received at 11/27/2025 18:19:40" date="2025-11-27T18:47:30.842" /><!-- duration: 1ms -->
                <step title="Remove temp-a445, Failed, received at 11/27/2025 18:18:44" date="2025-11-27T18:47:30.888" /><!-- duration: 1ms -->
              </step><!-- duration: 95ms -->
            </step><!-- duration: 174019ms -->
          </step><!-- duration: 174185ms -->
          <step title="Cleaning up temp files" date="2025-11-27T18:47:30.966" /><!-- duration: 4ms -->
          <step title="Cleaning up temp files" date="2025-11-27T18:47:30.979" /><!-- duration: 514ms -->
          <step title="Reloading status file with latest updates" date="2025-11-27T18:47:31.535" >
            <step title="WebHooksManager.PublishEventAsync: PostDeployment" date="2025-11-27T18:47:31.539" /><!-- duration: 84ms -->
          </step><!-- duration: 90ms -->
          <step title="Cleaning up temporary deployment - fetch deployment was successful" date="2025-11-27T18:47:31.629" /><!-- duration: 1ms -->
        </step><!-- duration: 175082ms -->
      </step><!-- duration: 176646ms -->
