<step title="Incoming Request" date="2025-12-06T08:53:20.109" instance="c04aa1" url="/api/deployments/latest?deployer=OneDeploy&amp;time=2025-12-06_08-52-16Z" method="GET" type="request" pid="835,1,70" Host="adioncode-e5gkh4grbqe4g8b7.scm.centralindia-01.azurewebsites.net" User-Agent="GITHUBACTIONS_DeployWebAppToAzure_7650f946a874dfae82dfcd0347de284b67bb6ed9cc8e4f7291d8eb6cbb07caf2" Authorization="Bas..." Content-Type="application/json; charset=utf-8" Cookie="ARRAffinity=c04aa1d190c806a98365154610359be5f0b247a3d55e146cfd8e4942c8287e1c;Path=/;HttpOnly;Secure;Domain=adioncode-e5gkh4grbqe4g8b7.scm.centralindia-01.azurewebsites.net; ARRAffinitySameSite=c04aa1d190c806a98365154610359be5f0b247a3d55e146cfd8e4942c8287e1c;Path=/;HttpOnly;SameSite=None;Secure;Domain=adioncode-e5gkh4grbqe4g8b7.scm.centralindia-01.azurewebsites.net" Content-Length="0" X-ARR-LOG-ID="7e6fbbc2-2026-4518-9946-981b311c3efc" CLIENT-IP="172.203.38.244:9218" X-SITE-DEPLOYMENT-ID="adioncode" WAS-DEFAULT-HOSTNAME="adioncode-e5gkh4grbqe4g8b7.scm.centralindia-01.azurewebsites.net" X-Forwarded-Proto="https" X-AppService-Proto="https" X-Forwarded-TlsVersion="1.3" X-WAWS-Unencoded-URL="/api/deployments/latest?deployer=OneDeploy&amp;time=2025-12-06_08-52-16Z" X-Client-IP="172.203.38.244" X-Client-Port="9218" >
  <step title="Cleanup Xml Logs" date="2025-12-06T08:53:20.110" >
    <step title="Cleanup Infos" date="2025-12-06T08:53:20.129" totalFiles="286" totalCleanup="126" /><!-- duration: 10ms -->
  </step><!-- duration: 30ms -->
  <step title="DeploymentService.GetResult" date="2025-12-06T08:53:20.168" >
    <step title="DeploymentService.GetLatestDeployment" date="2025-12-06T08:53:20.169" >
      <step title="DeploymentManager.GetResults" date="2025-12-06T08:53:20.171" /><!-- duration: 509ms -->
    </step><!-- duration: 513ms -->
  </step><!-- duration: 523ms -->
  <step title="Outgoing response" date="2025-12-06T08:53:20.692" type="response" statusCode="202" statusText="Accepted" /><!-- duration: 8ms -->
</step><!-- duration: 594ms -->
