<step title="Incoming Request" date="2025-12-06T09:19:03.513" instance="c04aa1" url="/api/deployments/latest?deployer=OneDeploy&amp;time=2025-12-06_09-15-43Z" method="GET" type="request" pid="835,1,101" Host="adioncode-e5gkh4grbqe4g8b7.scm.centralindia-01.azurewebsites.net" User-Agent="GITHUBACTIONS_DeployWebAppToAzure_7650f946a874dfae82dfcd0347de284b67bb6ed9cc8e4f7291d8eb6cbb07caf2" Authorization="Bas..." Content-Type="application/json; charset=utf-8" Cookie="ARRAffinity=c04aa1d190c806a98365154610359be5f0b247a3d55e146cfd8e4942c8287e1c;Path=/;HttpOnly;Secure;Domain=adioncode-e5gkh4grbqe4g8b7.scm.centralindia-01.azurewebsites.net; ARRAffinitySameSite=c04aa1d190c806a98365154610359be5f0b247a3d55e146cfd8e4942c8287e1c;Path=/;HttpOnly;SameSite=None;Secure;Domain=adioncode-e5gkh4grbqe4g8b7.scm.centralindia-01.azurewebsites.net" Content-Length="0" X-ARR-LOG-ID="d2d82d91-a5b1-4f31-a435-04d87623c5b2" CLIENT-IP="52.173.162.32:58304" X-SITE-DEPLOYMENT-ID="adioncode" WAS-DEFAULT-HOSTNAME="adioncode-e5gkh4grbqe4g8b7.scm.centralindia-01.azurewebsites.net" X-Forwarded-Proto="https" X-AppService-Proto="https" X-Forwarded-TlsVersion="1.3" X-WAWS-Unencoded-URL="/api/deployments/latest?deployer=OneDeploy&amp;time=2025-12-06_09-15-43Z" X-Client-IP="52.173.162.32" X-Client-Port="58304" >
  <step title="Cleanup Xml Logs" date="2025-12-06T09:19:03.515" >
    <step title="Cleanup Infos" date="2025-12-06T09:19:03.552" totalFiles="347" totalCleanup="187" /><!-- duration: 2ms -->
  </step><!-- duration: 48ms -->
  <step title="DeploymentService.GetResult" date="2025-12-06T09:19:03.584" >
    <step title="DeploymentService.GetLatestDeployment" date="2025-12-06T09:19:03.585" >
      <step title="DeploymentManager.GetResults" date="2025-12-06T09:19:03.593" /><!-- duration: 612ms -->
    </step><!-- duration: 631ms -->
  </step><!-- duration: 635ms -->
  <step title="Outgoing response" date="2025-12-06T09:19:04.237" type="response" statusCode="202" statusText="Accepted" /><!-- duration: 10ms -->
</step><!-- duration: 735ms -->
