<step title="Incoming Request" date="2025-12-04T20:37:10.977" instance="c04aa1" url="/api/deployments/latest?deployer=OneDeploy&amp;time=2025-12-04_20-35-00Z" method="GET" type="request" pid="835,1,15" Host="adioncode-e5gkh4grbqe4g8b7.scm.centralindia-01.azurewebsites.net" User-Agent="GITHUBACTIONS_DeployWebAppToAzure_7650f946a874dfae82dfcd0347de284b67bb6ed9cc8e4f7291d8eb6cbb07caf2" Authorization="Bas..." Content-Type="application/json; charset=utf-8" Cookie="ARRAffinity=c04aa1d190c806a98365154610359be5f0b247a3d55e146cfd8e4942c8287e1c;Path=/;HttpOnly;Secure;Domain=adioncode-e5gkh4grbqe4g8b7.scm.centralindia-01.azurewebsites.net; ARRAffinitySameSite=c04aa1d190c806a98365154610359be5f0b247a3d55e146cfd8e4942c8287e1c;Path=/;HttpOnly;SameSite=None;Secure;Domain=adioncode-e5gkh4grbqe4g8b7.scm.centralindia-01.azurewebsites.net" Content-Length="0" X-ARR-LOG-ID="19210339-cc23-46f1-ab62-c994b51d629e" CLIENT-IP="57.151.128.137:34880" X-SITE-DEPLOYMENT-ID="adioncode" WAS-DEFAULT-HOSTNAME="adioncode-e5gkh4grbqe4g8b7.scm.centralindia-01.azurewebsites.net" X-Forwarded-Proto="https" X-AppService-Proto="https" X-Forwarded-TlsVersion="1.3" X-WAWS-Unencoded-URL="/api/deployments/latest?deployer=OneDeploy&amp;time=2025-12-04_20-35-00Z" X-Client-IP="57.151.128.137" X-Client-Port="34880" >
  <step title="Cleanup Xml Logs" date="2025-12-04T20:37:10.979" >
    <step title="Cleanup Infos" date="2025-12-04T20:37:10.998" totalFiles="248" totalCleanup="88" /><!-- duration: 19ms -->
  </step><!-- duration: 47ms -->
  <step title="DeploymentService.GetResult" date="2025-12-04T20:37:11.049" >
    <step title="DeploymentService.GetLatestDeployment" date="2025-12-04T20:37:11.057" >
      <step title="DeploymentManager.GetResults" date="2025-12-04T20:37:11.059" /><!-- duration: 954ms -->
    </step><!-- duration: 1016ms -->
  </step><!-- duration: 1045ms -->
  <step title="Outgoing response" date="2025-12-04T20:37:12.154" type="response" statusCode="202" statusText="Accepted" /><!-- duration: 9ms -->
</step><!-- duration: 1206ms -->
