<step title="BackgroundTrace" date="2025-12-04T20:34:59.861" instance="c04aa1" url="/api/publish" method="POST" >
  <step title="Cleanup Xml Logs" date="2025-12-04T20:34:59.869" >
    <step title="Cleanup Infos" date="2025-12-04T20:34:59.881" totalFiles="229" totalCleanup="69" /><!-- duration: 18ms -->
  </step><!-- duration: 30ms -->
  <step title="Creating temporary deployment - FetchDeploymentManager" date="2025-12-04T20:34:59.945" /><!-- duration: 1ms -->
  <step title="Creating temporary deployment" date="2025-12-04T20:34:59.948" /><!-- duration: 135ms -->
  <step title="Performing fetch based deployment" date="2025-12-04T20:35:00.122" >
    <step title="Cleaning up temp folders from previous zip deployments and extracting pushed zip file /tmp/zipdeploy/ac6f4d92-8322-44c1-b21b-ac19d30dc5a2.zip (334.05 MB) to /tmp/zipdeploy/extracted" date="2025-12-04T20:35:01.256" >
      <step title="ChmodRecursive Process exited with total time taken in ms: 756" date="2025-12-04T20:35:54.442" /><!-- duration: 15ms -->
    </step><!-- duration: 53222ms -->
    <step title="Deployment timer started" date="2025-12-04T20:35:56.500" >
      <step title="DeploymentManager.Deploy(id:b4326535-37a8-4dc3-83aa-00a28244dcfa)" date="2025-12-04T20:35:56.504" >
        <step title="Collecting changeset information" date="2025-12-04T20:35:56.521" /><!-- duration: 146ms -->
        <step title="Updating submodules" date="2025-12-04T20:35:56.676" /><!-- duration: 1155ms -->
        <step title="Determining deployment builder" date="2025-12-04T20:35:58.082" >
          <step title="Builder is OneDeployBuilder" date="2025-12-04T20:35:58.104" /><!-- duration: 10ms -->
        </step><!-- duration: 42ms -->
        <step title="PreDeployment: context.CleanOutputPath False" date="2025-12-04T20:35:58.233" >
          <step title="PreDeployment: context.OutputPath /home/site/wwwroot" date="2025-12-04T20:35:58.363" >
            <step title="Building" date="2025-12-04T20:35:58.534" >
              <step title="Executing external process" date="2025-12-04T20:35:59.394" type="process" path="starter.sh" arguments="/opt/Kudu/Scripts/absoluteTar.sh /tmp/zipdeploy/extracted/node_modules /tmp/zipdeploy/extracted/node_modules.tar.gz" >
                <step title="Cpu: gzip(1187,26.540s)+sh(1186,0.000s)+tar(1185,2.500s)+absoluteTar.sh(1184,0.010s)=total(29.050s)" date="2025-12-04T20:37:00.160" /><!-- duration: 12ms -->
                <step title="starter.sh: no io activity for 61s, prev-cpu=-1.000s, current-cpu=29.050s" date="2025-12-04T20:37:00.402" /><!-- duration: 30ms -->
                <step title="Cpu: gzip(1187,46.330s)+sh(1186,0.000s)+tar(1185,4.030s)+absoluteTar.sh(1184,0.010s)=total(50.370s)" date="2025-12-04T20:38:01.865" /><!-- duration: 100ms -->
                <step title="starter.sh: no io activity for 122s, prev-cpu=29.050s, current-cpu=50.370s" date="2025-12-04T20:38:02.215" /><!-- duration: 70ms -->
                <step title="Cpu: gzip(1187,78.280s)+sh(1186,0.000s)+tar(1185,6.540s)+absoluteTar.sh(1184,0.010s)=total(84.830s)" date="2025-12-04T20:39:02.724" /><!-- duration: 9ms -->
                <step title="starter.sh: no io activity for 183s, prev-cpu=50.370s, current-cpu=84.830s" date="2025-12-04T20:39:02.764" /><!-- duration: 47ms -->
              </step><!-- duration: 220952ms -->
              <step title="Executing external process" date="2025-12-04T20:39:40.598" type="process" path="starter.sh" arguments="/opt/Kudu/Scripts/parallel_rsync.sh /tmp/zipdeploy/extracted /home/site/wwwroot 8 /tmp/ False False node_modules " /><!-- duration: 15845ms -->
              <step title="Modified file to trigger a restart of the app container." date="2025-12-04T20:39:57.335" /><!-- duration: 7ms -->
              <step title="Skip function trigger and logicapp sync because function is not enabled." date="2025-12-04T20:39:57.389" /><!-- duration: 2ms -->
            </step><!-- duration: 239653ms -->
          </step><!-- duration: 239827ms -->
          <step title="Cleaning up temp files" date="2025-12-04T20:39:58.191" /><!-- duration: 3ms -->
          <step title="Cleaning up temp files" date="2025-12-04T20:39:58.196" /><!-- duration: 512ms -->
          <step title="Reloading status file with latest updates" date="2025-12-04T20:39:58.740" >
            <step title="WebHooksManager.PublishEventAsync: PostDeployment" date="2025-12-04T20:39:58.742" /><!-- duration: 59ms -->
          </step><!-- duration: 62ms -->
          <step title="Cleaning up temporary deployment - fetch deployment was successful" date="2025-12-04T20:39:58.805" /><!-- duration: 1ms -->
        </step><!-- duration: 240623ms -->
      </step><!-- duration: 242358ms -->
