<step title="Incoming Request" date="2025-11-27T18:43:17.800" instance="c04aa1" url="/api/publish?async=true&amp;deployer=GITHUB_ONE_DEPLOY&amp;type=zip&amp;message=%7B%22type%22%3A%22deployment%22%2C%22sha%22%3A%22682f67c89273dbb0708aacc27fdb84e7de739752%22%2C%22repoName%22%3A%22adityasingh03rajput%2Ftesting-server-%22%2C%22actor%22%3A%22adityasingh03rajput%22%2C%22slotName%22%3A%22Production%22%2C%22commitMessage%22%3A%22%22%7D" method="POST" type="request" pid="833,1,29" Host="adioncode-e5gkh4grbqe4g8b7.scm.centralindia-01.azurewebsites.net" User-Agent="GITHUBACTIONS_DeployWebAppToAzure_7650f946a874dfae82dfcd0347de284b67bb6ed9cc8e4f7291d8eb6cbb07caf2" Authorization="Bas..." Content-Type="application/octet-stream" Cookie="ARRAffinity=c04aa1d190c806a98365154610359be5f0b247a3d55e146cfd8e4942c8287e1c;Path=/;HttpOnly;Secure;Domain=adioncode-e5gkh4grbqe4g8b7.scm.centralindia-01.azurewebsites.net; ARRAffinitySameSite=c04aa1d190c806a98365154610359be5f0b247a3d55e146cfd8e4942c8287e1c;Path=/;HttpOnly;SameSite=None;Secure;Domain=adioncode-e5gkh4grbqe4g8b7.scm.centralindia-01.azurewebsites.net" Transfer-Encoding="chunked" X-ARR-LOG-ID="ad83d574-0304-4eae-9548-582dc053c0ce" CLIENT-IP="9.234.151.82:60416" X-SITE-DEPLOYMENT-ID="adioncode" WAS-DEFAULT-HOSTNAME="adioncode-e5gkh4grbqe4g8b7.scm.centralindia-01.azurewebsites.net" X-Forwarded-Proto="https" X-AppService-Proto="https" X-Forwarded-TlsVersion="1.3" X-WAWS-Unencoded-URL="/api/publish?async=true&amp;deployer=GITHUB_ONE_DEPLOY&amp;type=zip&amp;message=%7B%22type%22%3A%22deployment%22%2C%22sha%22%3A%22682f67c89273dbb0708aacc27fdb84e7de739752%22%2C%22repoName%22%3A%22adityasingh03rajput%2Ftesting-server-%22%2C%22actor%22%3A%22adityasingh03rajput%22%2C%22slotName%22%3A%22Production%22%2C%22commitMessage%22%3A%22%22%7D" X-Client-IP="9.234.151.82" X-Client-Port="60416" >
  <step title="Cleanup Xml Logs" date="2025-11-27T18:43:17.802" /><!-- duration: 6ms -->
  <step title="OneDeploy" date="2025-11-27T18:43:17.850" >
    <step title="None repository commit" date="2025-11-27T18:43:17.864" >
      <step title="Commit id: d7c38622-4321-4f55-a1e8-9a1509ffac38" date="2025-11-27T18:43:17.868" Message="N/A" AuthorName="N/A" AuthorEmail="N/A" /><!-- duration: 1ms -->
    </step><!-- duration: 6ms -->
    <step title="Starting PushDeployAsync" date="2025-11-27T18:43:17.872" /><!-- duration: 1ms -->
    <step title="Writing artifact to /tmp/zipdeploy/497a3964-41f0-414e-a24a-1905584dea1d.zip" date="2025-11-27T18:43:17.887" >
      <step title="Writing multipart request body to /tmp/zipdeploy/497a3964-41f0-414e-a24a-1905584dea1d.zip" date="2025-11-27T18:43:17.889" /><!-- duration: 1ms -->
    </step><!-- duration: 25906ms -->
    <step title="Start deployment in the background" date="2025-11-27T18:43:43.804" >
      <step title="Acquiring Deployment Lock" date="2025-11-27T18:43:43.856" /><!-- duration: 1ms -->
      <step title="Acquired Deployment Lock" date="2025-11-27T18:43:43.897" /><!-- duration: 2ms -->
    </step><!-- duration: 169ms -->
  </step><!-- duration: 26137ms -->
  <step title="Outgoing response" date="2025-11-27T18:43:44.000" type="response" statusCode="202" statusText="Accepted" /><!-- duration: 2ms -->
</step><!-- duration: 26205ms -->
