<step title="Incoming Request" date="2025-12-04T20:38:01.864" instance="c04aa1" url="/api/deployments/latest?deployer=OneDeploy&amp;time=2025-12-04_20-35-00Z" method="GET" type="request" pid="835,1,15" Host="adioncode-e5gkh4grbqe4g8b7.scm.centralindia-01.azurewebsites.net" User-Agent="GITHUBACTIONS_DeployWebAppToAzure_7650f946a874dfae82dfcd0347de284b67bb6ed9cc8e4f7291d8eb6cbb07caf2" Authorization="Bas..." Content-Type="application/json; charset=utf-8" Cookie="ARRAffinity=c04aa1d190c806a98365154610359be5f0b247a3d55e146cfd8e4942c8287e1c;Path=/;HttpOnly;Secure;Domain=adioncode-e5gkh4grbqe4g8b7.scm.centralindia-01.azurewebsites.net; ARRAffinitySameSite=c04aa1d190c806a98365154610359be5f0b247a3d55e146cfd8e4942c8287e1c;Path=/;HttpOnly;SameSite=None;Secure;Domain=adioncode-e5gkh4grbqe4g8b7.scm.centralindia-01.azurewebsites.net" Content-Length="0" X-ARR-LOG-ID="3f958ba7-8a19-4762-bcaa-4e60866f15dc" CLIENT-IP="57.151.128.137:34882" X-SITE-DEPLOYMENT-ID="adioncode" WAS-DEFAULT-HOSTNAME="adioncode-e5gkh4grbqe4g8b7.scm.centralindia-01.azurewebsites.net" X-Forwarded-Proto="https" X-AppService-Proto="https" X-Forwarded-TlsVersion="1.3" X-WAWS-Unencoded-URL="/api/deployments/latest?deployer=OneDeploy&amp;time=2025-12-04_20-35-00Z" X-Client-IP="57.151.128.137" X-Client-Port="34882" >
  <step title="Cleanup Xml Logs" date="2025-12-04T20:38:01.956" >
    <step title="Cleanup Infos" date="2025-12-04T20:38:02.217" totalFiles="255" totalCleanup="95" /><!-- duration: 68ms -->
  </step><!-- duration: 382ms -->
  <step title="DeploymentService.GetResult" date="2025-12-04T20:38:02.357" >
    <step title="DeploymentService.GetLatestDeployment" date="2025-12-04T20:38:02.376" >
      <step title="DeploymentManager.GetResults" date="2025-12-04T20:38:02.429" /><!-- duration: 872ms -->
    </step><!-- duration: 1084ms -->
  </step><!-- duration: 1173ms -->
  <step title="Outgoing response" date="2025-12-04T20:38:03.551" type="response" statusCode="202" statusText="Accepted" /><!-- duration: 50ms -->
</step><!-- duration: 1746ms -->
