<step title="Incoming Request" date="2025-12-04T20:23:29.231" instance="c04aa1" url="/api/deployments/latest?deployer=OneDeploy&amp;time=2025-12-04_20-21-58Z" method="GET" type="request" pid="835,1,7" Host="adioncode-e5gkh4grbqe4g8b7.scm.centralindia-01.azurewebsites.net" User-Agent="GITHUBACTIONS_DeployWebAppToAzure_7650f946a874dfae82dfcd0347de284b67bb6ed9cc8e4f7291d8eb6cbb07caf2" Authorization="Bas..." Content-Type="application/json; charset=utf-8" Cookie="ARRAffinity=c04aa1d190c806a98365154610359be5f0b247a3d55e146cfd8e4942c8287e1c;Path=/;HttpOnly;Secure;Domain=adioncode-e5gkh4grbqe4g8b7.scm.centralindia-01.azurewebsites.net; ARRAffinitySameSite=c04aa1d190c806a98365154610359be5f0b247a3d55e146cfd8e4942c8287e1c;Path=/;HttpOnly;SameSite=None;Secure;Domain=adioncode-e5gkh4grbqe4g8b7.scm.centralindia-01.azurewebsites.net" Content-Length="0" X-ARR-LOG-ID="859eb02a-0e90-4ca4-a7d1-0eef50074c84" CLIENT-IP="64.236.140.197:15362" X-SITE-DEPLOYMENT-ID="adioncode" WAS-DEFAULT-HOSTNAME="adioncode-e5gkh4grbqe4g8b7.scm.centralindia-01.azurewebsites.net" X-Forwarded-Proto="https" X-AppService-Proto="https" X-Forwarded-TlsVersion="1.3" X-WAWS-Unencoded-URL="/api/deployments/latest?deployer=OneDeploy&amp;time=2025-12-04_20-21-58Z" X-Client-IP="64.236.140.197" X-Client-Port="15362" >
  <step title="Cleanup Xml Logs" date="2025-12-04T20:23:29.240" >
    <step title="Cleanup Infos" date="2025-12-04T20:23:29.252" totalFiles="200" totalCleanup="40" /><!-- duration: 30ms -->
  </step><!-- duration: 99ms -->
  <step title="DeploymentService.GetResult" date="2025-12-04T20:23:29.352" >
    <step title="DeploymentService.GetLatestDeployment" date="2025-12-04T20:23:29.361" >
      <step title="DeploymentManager.GetResults" date="2025-12-04T20:23:29.370" /><!-- duration: 394ms -->
    </step><!-- duration: 420ms -->
  </step><!-- duration: 440ms -->
  <step title="Outgoing response" date="2025-12-04T20:23:29.813" type="response" statusCode="202" statusText="Accepted" /><!-- duration: 11ms -->
</step><!-- duration: 611ms -->
