<step title="Incoming Request" date="2025-12-06T10:18:12.314" instance="c04aa1" url="/api/deployments/latest?deployer=OneDeploy&amp;time=2025-12-06_10-17-57Z" method="GET" type="request" pid="835,1,97" Host="adioncode-e5gkh4grbqe4g8b7.scm.centralindia-01.azurewebsites.net" User-Agent="GITHUBACTIONS_DeployWebAppToAzure_7650f946a874dfae82dfcd0347de284b67bb6ed9cc8e4f7291d8eb6cbb07caf2" Authorization="Bas..." Content-Type="application/json; charset=utf-8" Cookie="ARRAffinity=c04aa1d190c806a98365154610359be5f0b247a3d55e146cfd8e4942c8287e1c;Path=/;HttpOnly;Secure;Domain=adioncode-e5gkh4grbqe4g8b7.scm.centralindia-01.azurewebsites.net; ARRAffinitySameSite=c04aa1d190c806a98365154610359be5f0b247a3d55e146cfd8e4942c8287e1c;Path=/;HttpOnly;SameSite=None;Secure;Domain=adioncode-e5gkh4grbqe4g8b7.scm.centralindia-01.azurewebsites.net" Content-Length="0" X-ARR-LOG-ID="0805948c-d197-4e8d-a321-15df7d2e3de9" CLIENT-IP="68.220.61.178:33808" X-SITE-DEPLOYMENT-ID="adioncode" WAS-DEFAULT-HOSTNAME="adioncode-e5gkh4grbqe4g8b7.scm.centralindia-01.azurewebsites.net" X-Forwarded-Proto="https" X-AppService-Proto="https" X-Forwarded-TlsVersion="1.3" X-WAWS-Unencoded-URL="/api/deployments/latest?deployer=OneDeploy&amp;time=2025-12-06_10-17-57Z" X-Client-IP="68.220.61.178" X-Client-Port="33808" >
  <step title="Cleanup Xml Logs" date="2025-12-06T10:18:12.325" >
    <step title="Cleanup Infos" date="2025-12-06T10:18:12.355" totalFiles="402" totalCleanup="242" /><!-- duration: 20ms -->
  </step><!-- duration: 60ms -->
  <step title="DeploymentService.GetResult" date="2025-12-06T10:18:12.395" >
    <step title="DeploymentService.GetLatestDeployment" date="2025-12-06T10:18:12.397" >
      <step title="DeploymentManager.GetResults" date="2025-12-06T10:18:12.407" /><!-- duration: 673ms -->
    </step><!-- duration: 693ms -->
  </step><!-- duration: 696ms -->
  <step title="Outgoing response" date="2025-12-06T10:18:13.100" type="response" statusCode="202" statusText="Accepted" /><!-- duration: 9ms -->
</step><!-- duration: 796ms -->
