<step title="BackgroundTrace" date="2025-12-06T10:47:14.408" instance="c04aa1" url="/api/publish" method="POST" >
  <step title="Cleanup Xml Logs" date="2025-12-06T10:47:14.425" >
    <step title="Cleanup Infos" date="2025-12-06T10:47:14.436" totalFiles="479" totalCleanup="319" /><!-- duration: 12ms -->
  </step><!-- duration: 41ms -->
  <step title="Creating temporary deployment - FetchDeploymentManager" date="2025-12-06T10:47:14.566" /><!-- duration: 9ms -->
  <step title="Creating temporary deployment" date="2025-12-06T10:47:14.586" /><!-- duration: 83ms -->
  <step title="Performing fetch based deployment" date="2025-12-06T10:47:14.807" >
    <step title="Cleaning up temp folders from previous zip deployments and extracting pushed zip file /tmp/zipdeploy/e3a01b13-2c3d-4e8c-b2dc-752ec6b5a21f.zip (334.05 MB) to /tmp/zipdeploy/extracted" date="2025-12-06T10:47:16.079" >
      <step title="ChmodRecursive Process exited with total time taken in ms: 168" date="2025-12-06T10:48:22.795" /><!-- duration: 28ms -->
    </step><!-- duration: 66748ms -->
    <step title="Deployment timer started" date="2025-12-06T10:48:24.850" >
      <step title="DeploymentManager.Deploy(id:33a3fc0d-34fb-4d7d-97a6-3786ac5ec5e2)" date="2025-12-06T10:48:24.852" >
        <step title="Collecting changeset information" date="2025-12-06T10:48:24.872" /><!-- duration: 123ms -->
        <step title="Updating submodules" date="2025-12-06T10:48:24.997" /><!-- duration: 1107ms -->
        <step title="Determining deployment builder" date="2025-12-06T10:48:26.302" >
          <step title="Builder is OneDeployBuilder" date="2025-12-06T10:48:26.308" /><!-- duration: 11ms -->
        </step><!-- duration: 26ms -->
        <step title="PreDeployment: context.CleanOutputPath False" date="2025-12-06T10:48:26.391" >
          <step title="PreDeployment: context.OutputPath /home/site/wwwroot" date="2025-12-06T10:48:26.484" >
            <step title="Building" date="2025-12-06T10:48:26.614" >
              <step title="Executing external process" date="2025-12-06T10:48:27.233" type="process" path="starter.sh" arguments="/opt/Kudu/Scripts/absoluteTar.sh /tmp/zipdeploy/extracted/node_modules /tmp/zipdeploy/extracted/node_modules.tar.gz" >
                <step title="Cpu: gzip(29673,39.480s)+sh(29672,0.000s)+tar(29671,3.130s)+absoluteTar.sh(29670,0.010s)=total(42.620s)" date="2025-12-06T10:49:27.686" /><!-- duration: 31ms -->
                <step title="starter.sh: no io activity for 60s, prev-cpu=-1.000s, current-cpu=42.620s" date="2025-12-06T10:49:27.727" /><!-- duration: 2ms -->
                <step title="Cpu: gzip(29673,81.880s)+sh(29672,0.000s)+tar(29671,5.660s)+absoluteTar.sh(29670,0.010s)=total(87.550s)" date="2025-12-06T10:50:28.143" /><!-- duration: 51ms -->
                <step title="starter.sh: no io activity for 121s, prev-cpu=42.620s, current-cpu=87.550s" date="2025-12-06T10:50:28.244" /><!-- duration: 89ms -->
              </step><!-- duration: 149094ms -->
              <step title="Executing external process" date="2025-12-06T10:50:56.907" type="process" path="starter.sh" arguments="/opt/Kudu/Scripts/parallel_rsync.sh /tmp/zipdeploy/extracted /home/site/wwwroot 8 /tmp/ False False node_modules " /><!-- duration: 17204ms -->
              <step title="Modified file to trigger a restart of the app container." date="2025-12-06T10:51:14.876" /><!-- duration: 4ms -->
              <step title="Skip function trigger and logicapp sync because function is not enabled." date="2025-12-06T10:51:14.884" /><!-- duration: 9ms -->
              <step title="Purge deployment items" date="2025-12-06T10:51:16.013" >
                <step title="Remove d828c856-, Success, received at 11/27/2025 18:06:29" date="2025-12-06T10:51:16.121" /><!-- duration: 9ms -->
              </step><!-- duration: 188ms -->
            </step><!-- duration: 169668ms -->
          </step><!-- duration: 169800ms -->
          <step title="Cleaning up temp files" date="2025-12-06T10:51:16.286" /><!-- duration: 7ms -->
          <step title="Cleaning up temp files" date="2025-12-06T10:51:16.312" /><!-- duration: 516ms -->
          <step title="Reloading status file with latest updates" date="2025-12-06T10:51:16.907" >
            <step title="WebHooksManager.PublishEventAsync: PostDeployment" date="2025-12-06T10:51:16.910" /><!-- duration: 279ms -->
          </step><!-- duration: 291ms -->
          <step title="Cleaning up temporary deployment - fetch deployment was successful" date="2025-12-06T10:51:17.220" /><!-- duration: 10ms -->
        </step><!-- duration: 170928ms -->
      </step><!-- duration: 172499ms -->
