<step title="Incoming Request" date="2025-12-04T19:07:58.673" instance="c04aa1" url="/api/publish?async=true&amp;deployer=GITHUB_ONE_DEPLOY&amp;type=zip&amp;message=%7B%22type%22%3A%22deployment%22%2C%22sha%22%3A%228654a225d8bd5284901bf8e9d3b410dad5b57059%22%2C%22repoName%22%3A%22adityasingh03rajput%2Ftesting-server-%22%2C%22actor%22%3A%22adityasingh03rajput%22%2C%22slotName%22%3A%22Production%22%2C%22commitMessage%22%3A%22Add%20teacher%20calendar%20with%20student%20attendance%20details%20and%20new%20API%20endpoint%22%7D" method="POST" type="request" pid="831,1,66" Host="adioncode-e5gkh4grbqe4g8b7.scm.centralindia-01.azurewebsites.net" User-Agent="GITHUBACTIONS_DeployWebAppToAzure_7650f946a874dfae82dfcd0347de284b67bb6ed9cc8e4f7291d8eb6cbb07caf2" Authorization="Bas..." Content-Type="application/octet-stream" Cookie="ARRAffinity=c04aa1d190c806a98365154610359be5f0b247a3d55e146cfd8e4942c8287e1c;Path=/;HttpOnly;Secure;Domain=adioncode-e5gkh4grbqe4g8b7.scm.centralindia-01.azurewebsites.net; ARRAffinitySameSite=c04aa1d190c806a98365154610359be5f0b247a3d55e146cfd8e4942c8287e1c;Path=/;HttpOnly;SameSite=None;Secure;Domain=adioncode-e5gkh4grbqe4g8b7.scm.centralindia-01.azurewebsites.net" Transfer-Encoding="chunked" X-ARR-LOG-ID="a42437b8-d01a-4ca5-883e-67bf47b3646f" CLIENT-IP="20.163.6.181:2180" X-SITE-DEPLOYMENT-ID="adioncode" WAS-DEFAULT-HOSTNAME="adioncode-e5gkh4grbqe4g8b7.scm.centralindia-01.azurewebsites.net" X-Forwarded-Proto="https" X-AppService-Proto="https" X-Forwarded-TlsVersion="1.3" X-WAWS-Unencoded-URL="/api/publish?async=true&amp;deployer=GITHUB_ONE_DEPLOY&amp;type=zip&amp;message=%7B%22type%22%3A%22deployment%22%2C%22sha%22%3A%228654a225d8bd5284901bf8e9d3b410dad5b57059%22%2C%22repoName%22%3A%22adityasingh03rajput%2Ftesting-server-%22%2C%22actor%22%3A%22adityasingh03rajput%22%2C%22slotName%22%3A%22Production%22%2C%22commitMessage%22%3A%22Add%20teacher%20calendar%20with%20student%20attendance%20details%20and%20new%20API%20endpoint%22%7D" X-Client-IP="20.163.6.181" X-Client-Port="2180" >
  <step title="Cleanup Xml Logs" date="2025-12-04T19:07:58.676" /><!-- duration: 9ms -->
  <step title="OneDeploy" date="2025-12-04T19:07:58.791" >
    <step title="None repository commit" date="2025-12-04T19:07:58.820" >
      <step title="Commit id: 7c22f210-782e-4599-acca-7b4bcf9314fe" date="2025-12-04T19:07:58.823" Message="N/A" AuthorName="N/A" AuthorEmail="N/A" /><!-- duration: 2ms -->
    </step><!-- duration: 6ms -->
    <step title="Starting PushDeployAsync" date="2025-12-04T19:07:58.830" /><!-- duration: 2ms -->
    <step title="Removing node_modules symlink" date="2025-12-04T19:07:58.966" >
      <step title="Removing _del_node_modules symlink" date="2025-12-04T19:07:59.147" >
        <step title="Writing artifact to /tmp/zipdeploy/8f4fc6f3-f1d2-43b5-97c9-a916d9b7eba7.zip" date="2025-12-04T19:07:59.194" >
          <step title="Writing multipart request body to /tmp/zipdeploy/8f4fc6f3-f1d2-43b5-97c9-a916d9b7eba7.zip" date="2025-12-04T19:07:59.215" /><!-- duration: 9ms -->
        </step><!-- duration: 29274ms -->
        <step title="Start deployment in the background" date="2025-12-04T19:08:28.556" >
          <step title="Acquiring Deployment Lock" date="2025-12-04T19:08:28.639" /><!-- duration: 8ms -->
          <step title="Acquired Deployment Lock" date="2025-12-04T19:08:28.739" /><!-- duration: 1ms -->
        </step><!-- duration: 386ms -->
      </step><!-- duration: 29825ms -->
      <step title="Outgoing response" date="2025-12-04T19:08:29.021" type="response" statusCode="202" statusText="Accepted" /><!-- duration: 2ms -->
    </step><!-- duration: 30058ms -->
