<step title="Incoming Request" date="2025-12-06T09:38:54.389" instance="c04aa1" url="/api/deployments/latest?deployer=OneDeploy&amp;time=2025-12-06_09-37-00Z" method="GET" type="request" pid="835,1,68" Host="adioncode-e5gkh4grbqe4g8b7.scm.centralindia-01.azurewebsites.net" User-Agent="GITHUBACTIONS_DeployWebAppToAzure_7650f946a874dfae82dfcd0347de284b67bb6ed9cc8e4f7291d8eb6cbb07caf2" Authorization="Bas..." Content-Type="application/json; charset=utf-8" Cookie="ARRAffinity=c04aa1d190c806a98365154610359be5f0b247a3d55e146cfd8e4942c8287e1c;Path=/;HttpOnly;Secure;Domain=adioncode-e5gkh4grbqe4g8b7.scm.centralindia-01.azurewebsites.net; ARRAffinitySameSite=c04aa1d190c806a98365154610359be5f0b247a3d55e146cfd8e4942c8287e1c;Path=/;HttpOnly;SameSite=None;Secure;Domain=adioncode-e5gkh4grbqe4g8b7.scm.centralindia-01.azurewebsites.net" Content-Length="0" X-ARR-LOG-ID="ef71e048-ab00-4b51-adfb-21e0c75b5fac" CLIENT-IP="52.154.132.184:45096" X-SITE-DEPLOYMENT-ID="adioncode" WAS-DEFAULT-HOSTNAME="adioncode-e5gkh4grbqe4g8b7.scm.centralindia-01.azurewebsites.net" X-Forwarded-Proto="https" X-AppService-Proto="https" X-Forwarded-TlsVersion="1.3" X-WAWS-Unencoded-URL="/api/deployments/latest?deployer=OneDeploy&amp;time=2025-12-06_09-37-00Z" X-Client-IP="52.154.132.184" X-Client-Port="45096" >
  <step title="Cleanup Xml Logs" date="2025-12-06T09:38:54.410" >
    <step title="Cleanup Infos" date="2025-12-06T09:38:54.440" totalFiles="375" totalCleanup="215" /><!-- duration: 30ms -->
  </step><!-- duration: 78ms -->
  <step title="DeploymentService.GetResult" date="2025-12-06T09:38:54.519" >
    <step title="DeploymentService.GetLatestDeployment" date="2025-12-06T09:38:54.549" >
      <step title="DeploymentManager.GetResults" date="2025-12-06T09:38:54.578" /><!-- duration: 1085ms -->
    </step><!-- duration: 1133ms -->
  </step><!-- duration: 1175ms -->
  <step title="Outgoing response" date="2025-12-06T09:38:55.704" type="response" statusCode="202" statusText="Accepted" /><!-- duration: 19ms -->
</step><!-- duration: 1353ms -->
