<step title="Incoming Request" date="2025-12-06T08:51:45.952" instance="c04aa1" url="/api/publish?async=true&amp;deployer=GITHUB_ONE_DEPLOY&amp;type=zip&amp;message=%7B%22type%22%3A%22deployment%22%2C%22sha%22%3A%22658519529558a16f89e93a50a8b256c96b3bf02b%22%2C%22repoName%22%3A%22adityasingh03rajput%2Ftesting-server-%22%2C%22actor%22%3A%22adityasingh03rajput%22%2C%22slotName%22%3A%22Production%22%2C%22commitMessage%22%3A%22Fix%3A%20Lower%20liveness%20detection%20threshold%20from%2060%25%20to%2040%25%20for%20better%20face%20verification%20success%20rate%22%7D" method="POST" type="request" pid="835,1,73" Host="adioncode-e5gkh4grbqe4g8b7.scm.centralindia-01.azurewebsites.net" User-Agent="GITHUBACTIONS_DeployWebAppToAzure_7650f946a874dfae82dfcd0347de284b67bb6ed9cc8e4f7291d8eb6cbb07caf2" Authorization="Bas..." Content-Type="application/octet-stream" Cookie="ARRAffinity=c04aa1d190c806a98365154610359be5f0b247a3d55e146cfd8e4942c8287e1c;Path=/;HttpOnly;Secure;Domain=adioncode-e5gkh4grbqe4g8b7.scm.centralindia-01.azurewebsites.net; ARRAffinitySameSite=c04aa1d190c806a98365154610359be5f0b247a3d55e146cfd8e4942c8287e1c;Path=/;HttpOnly;SameSite=None;Secure;Domain=adioncode-e5gkh4grbqe4g8b7.scm.centralindia-01.azurewebsites.net" Transfer-Encoding="chunked" X-ARR-LOG-ID="a9739957-17fe-45ad-bc9e-ced10a90ed57" CLIENT-IP="172.203.38.244:9216" X-SITE-DEPLOYMENT-ID="adioncode" WAS-DEFAULT-HOSTNAME="adioncode-e5gkh4grbqe4g8b7.scm.centralindia-01.azurewebsites.net" X-Forwarded-Proto="https" X-AppService-Proto="https" X-Forwarded-TlsVersion="1.3" X-WAWS-Unencoded-URL="/api/publish?async=true&amp;deployer=GITHUB_ONE_DEPLOY&amp;type=zip&amp;message=%7B%22type%22%3A%22deployment%22%2C%22sha%22%3A%22658519529558a16f89e93a50a8b256c96b3bf02b%22%2C%22repoName%22%3A%22adityasingh03rajput%2Ftesting-server-%22%2C%22actor%22%3A%22adityasingh03rajput%22%2C%22slotName%22%3A%22Production%22%2C%22commitMessage%22%3A%22Fix%3A%20Lower%20liveness%20detection%20threshold%20from%2060%25%20to%2040%25%20for%20better%20face%20verification%20success%20rate%22%7D" X-Client-IP="172.203.38.244" X-Client-Port="9216" >
  <step title="Cleanup Xml Logs" date="2025-12-06T08:51:45.955" >
    <step title="Cleanup Infos" date="2025-12-06T08:51:45.959" totalFiles="275" totalCleanup="115" /><!-- duration: 2ms -->
  </step><!-- duration: 10ms -->
  <step title="OneDeploy" date="2025-12-06T08:51:46.038" >
    <step title="Starting PushDeployAsync" date="2025-12-06T08:51:46.054" /><!-- duration: 2ms -->
    <step title="Removing node_modules symlink" date="2025-12-06T08:51:46.163" >
      <step title="Writing artifact to /tmp/zipdeploy/0d1c0dbf-bbf2-44cf-930e-c3bd0181ffb6.zip" date="2025-12-06T08:51:46.300" >
        <step title="Writing multipart request body to /tmp/zipdeploy/0d1c0dbf-bbf2-44cf-930e-c3bd0181ffb6.zip" date="2025-12-06T08:51:46.302" /><!-- duration: 1ms -->
      </step><!-- duration: 29196ms -->
      <step title="Start deployment in the background" date="2025-12-06T08:52:15.598" >
        <step title="Acquiring Deployment Lock" date="2025-12-06T08:52:15.849" /><!-- duration: 9ms -->
        <step title="Acquired Deployment Lock" date="2025-12-06T08:52:15.947" /><!-- duration: 2ms -->
      </step><!-- duration: 744ms -->
    </step><!-- duration: 30239ms -->
    <step title="Outgoing response" date="2025-12-06T08:52:16.449" type="response" statusCode="202" statusText="Accepted" /><!-- duration: 20ms -->
  </step><!-- duration: 30453ms -->
