<step title="BackgroundTrace" date="2025-12-06T10:36:50.826" instance="c04aa1" url="/api/publish" method="POST" >
  <step title="Cleanup Xml Logs" date="2025-12-06T10:36:50.836" >
    <step title="Cleanup Infos" date="2025-12-06T10:36:50.854" totalFiles="437" totalCleanup="277" /><!-- duration: 6ms -->
  </step><!-- duration: 32ms -->
  <step title="Creating temporary deployment - FetchDeploymentManager" date="2025-12-06T10:36:51.076" /><!-- duration: 1ms -->
  <step title="Creating temporary deployment" date="2025-12-06T10:36:51.079" /><!-- duration: 103ms -->
  <step title="Performing fetch based deployment" date="2025-12-06T10:36:51.308" >
    <step title="Cleaning up temp folders from previous zip deployments and extracting pushed zip file /tmp/zipdeploy/eafcd3fe-3cf0-4f33-9f0e-3cdcb67cca81.zip (334.05 MB) to /tmp/zipdeploy/extracted" date="2025-12-06T10:36:52.648" >
      <step title="ChmodRecursive Process exited with total time taken in ms: 420" date="2025-12-06T10:38:32.208" /><!-- duration: 2ms -->
    </step><!-- duration: 99593ms -->
    <step title="Deployment timer started" date="2025-12-06T10:38:34.253" >
      <step title="DeploymentManager.Deploy(id:4de152b6-adaa-4842-87e5-2e72999f1a90)" date="2025-12-06T10:38:34.256" >
        <step title="Collecting changeset information" date="2025-12-06T10:38:34.270" /><!-- duration: 189ms -->
        <step title="Updating submodules" date="2025-12-06T10:38:34.462" /><!-- duration: 1157ms -->
        <step title="Determining deployment builder" date="2025-12-06T10:38:35.815" >
          <step title="Builder is OneDeployBuilder" date="2025-12-06T10:38:35.827" /><!-- duration: 9ms -->
        </step><!-- duration: 32ms -->
        <step title="PreDeployment: context.CleanOutputPath False" date="2025-12-06T10:38:35.915" >
          <step title="PreDeployment: context.OutputPath /home/site/wwwroot" date="2025-12-06T10:38:36.044" >
            <step title="Building" date="2025-12-06T10:38:36.172" >
              <step title="Executing external process" date="2025-12-06T10:38:36.809" type="process" path="starter.sh" arguments="/opt/Kudu/Scripts/absoluteTar.sh /tmp/zipdeploy/extracted/node_modules /tmp/zipdeploy/extracted/node_modules.tar.gz" >
                <step title="Cpu: gzip(29480,41.770s)+sh(29479,0.000s)+tar(29478,3.240s)+absoluteTar.sh(29477,0.000s)=total(45.010s)" date="2025-12-06T10:39:37.186" /><!-- duration: 10ms -->
                <step title="starter.sh: no io activity for 60s, prev-cpu=-1.000s, current-cpu=45.010s" date="2025-12-06T10:39:37.236" /><!-- duration: 2ms -->
                <step title="Cpu: gzip(29480,83.460s)+sh(29479,0.000s)+tar(29478,5.860s)+absoluteTar.sh(29477,0.000s)=total(89.320s)" date="2025-12-06T10:40:37.677" /><!-- duration: 2ms -->
                <step title="starter.sh: no io activity for 121s, prev-cpu=45.010s, current-cpu=89.320s" date="2025-12-06T10:40:37.737" /><!-- duration: 20ms -->
              </step><!-- duration: 148481ms -->
              <step title="Executing external process" date="2025-12-06T10:41:05.627" type="process" path="starter.sh" arguments="/opt/Kudu/Scripts/parallel_rsync.sh /tmp/zipdeploy/extracted /home/site/wwwroot 8 /tmp/ False False node_modules " /><!-- duration: 17722ms -->
              <step title="Modified file to trigger a restart of the app container." date="2025-12-06T10:41:24.049" /><!-- duration: 1ms -->
              <step title="Skip function trigger and logicapp sync because function is not enabled." date="2025-12-06T10:41:24.053" /><!-- duration: 10ms -->
            </step><!-- duration: 168947ms -->
          </step><!-- duration: 169078ms -->
          <step title="Cleaning up temp files" date="2025-12-06T10:41:25.123" /><!-- duration: 3ms -->
          <step title="Cleaning up temp files" date="2025-12-06T10:41:25.136" /><!-- duration: 514ms -->
          <step title="Reloading status file with latest updates" date="2025-12-06T10:41:25.967" >
            <step title="WebHooksManager.PublishEventAsync: PostDeployment" date="2025-12-06T10:41:25.978" /><!-- duration: 72ms -->
          </step><!-- duration: 90ms -->
          <step title="Cleaning up temporary deployment - fetch deployment was successful" date="2025-12-06T10:41:26.068" /><!-- duration: 8ms -->
        </step><!-- duration: 170242ms -->
      </step><!-- duration: 171914ms -->
