<step title="Incoming Request" date="2025-12-06T10:48:02.090" instance="c04aa1" url="/api/deployments/latest?deployer=OneDeploy&amp;time=2025-12-06_10-47-14Z" method="GET" type="request" pid="835,1,99" Host="adioncode-e5gkh4grbqe4g8b7.scm.centralindia-01.azurewebsites.net" User-Agent="GITHUBACTIONS_DeployWebAppToAzure_7650f946a874dfae82dfcd0347de284b67bb6ed9cc8e4f7291d8eb6cbb07caf2" Authorization="Bas..." Content-Type="application/json; charset=utf-8" Cookie="ARRAffinity=c04aa1d190c806a98365154610359be5f0b247a3d55e146cfd8e4942c8287e1c;Path=/;HttpOnly;Secure;Domain=adioncode-e5gkh4grbqe4g8b7.scm.centralindia-01.azurewebsites.net; ARRAffinitySameSite=c04aa1d190c806a98365154610359be5f0b247a3d55e146cfd8e4942c8287e1c;Path=/;HttpOnly;SameSite=None;Secure;Domain=adioncode-e5gkh4grbqe4g8b7.scm.centralindia-01.azurewebsites.net" Content-Length="0" X-ARR-LOG-ID="46304fe0-d8af-450a-81de-0d2dec3415a6" CLIENT-IP="52.190.140.131:59416" X-SITE-DEPLOYMENT-ID="adioncode" WAS-DEFAULT-HOSTNAME="adioncode-e5gkh4grbqe4g8b7.scm.centralindia-01.azurewebsites.net" X-Forwarded-Proto="https" X-AppService-Proto="https" X-Forwarded-TlsVersion="1.3" X-WAWS-Unencoded-URL="/api/deployments/latest?deployer=OneDeploy&amp;time=2025-12-06_10-47-14Z" X-Client-IP="52.190.140.131" X-Client-Port="59416" >
  <step title="Cleanup Xml Logs" date="2025-12-06T10:48:02.121" >
    <step title="Cleanup Infos" date="2025-12-06T10:48:02.200" totalFiles="486" totalCleanup="326" /><!-- duration: 60ms -->
  </step><!-- duration: 149ms -->
  <step title="DeploymentService.GetResult" date="2025-12-06T10:48:02.281" >
    <step title="DeploymentService.GetLatestDeployment" date="2025-12-06T10:48:02.299" >
      <step title="DeploymentManager.GetResults" date="2025-12-06T10:48:02.311" /><!-- duration: 1262ms -->
    </step><!-- duration: 1307ms -->
  </step><!-- duration: 1335ms -->
  <step title="Outgoing response" date="2025-12-06T10:48:03.744" type="response" statusCode="202" statusText="Accepted" /><!-- duration: 2ms -->
</step><!-- duration: 1695ms -->
