<step title="Incoming Request" date="2025-12-06T09:16:20.132" instance="c04aa1" url="/api/deployments/latest?deployer=OneDeploy&amp;time=2025-12-06_09-15-43Z" method="GET" type="request" pid="835,1,94" Host="adioncode-e5gkh4grbqe4g8b7.scm.centralindia-01.azurewebsites.net" User-Agent="GITHUBACTIONS_DeployWebAppToAzure_7650f946a874dfae82dfcd0347de284b67bb6ed9cc8e4f7291d8eb6cbb07caf2" Authorization="Bas..." Content-Type="application/json; charset=utf-8" Cookie="ARRAffinity=c04aa1d190c806a98365154610359be5f0b247a3d55e146cfd8e4942c8287e1c;Path=/;HttpOnly;Secure;Domain=adioncode-e5gkh4grbqe4g8b7.scm.centralindia-01.azurewebsites.net; ARRAffinitySameSite=c04aa1d190c806a98365154610359be5f0b247a3d55e146cfd8e4942c8287e1c;Path=/;HttpOnly;SameSite=None;Secure;Domain=adioncode-e5gkh4grbqe4g8b7.scm.centralindia-01.azurewebsites.net" Content-Length="0" X-ARR-LOG-ID="73da7f2b-bc3c-4728-9ac8-9e3ed3fc8748" CLIENT-IP="52.173.162.32:58305" X-SITE-DEPLOYMENT-ID="adioncode" WAS-DEFAULT-HOSTNAME="adioncode-e5gkh4grbqe4g8b7.scm.centralindia-01.azurewebsites.net" X-Forwarded-Proto="https" X-AppService-Proto="https" X-Forwarded-TlsVersion="1.3" X-WAWS-Unencoded-URL="/api/deployments/latest?deployer=OneDeploy&amp;time=2025-12-06_09-15-43Z" X-Client-IP="52.173.162.32" X-Client-Port="58305" >
  <step title="Cleanup Xml Logs" date="2025-12-06T09:16:20.151" >
    <step title="Cleanup Infos" date="2025-12-06T09:16:20.172" totalFiles="324" totalCleanup="164" /><!-- duration: 21ms -->
  </step><!-- duration: 43ms -->
  <step title="DeploymentService.GetResult" date="2025-12-06T09:16:20.242" >
    <step title="DeploymentService.GetLatestDeployment" date="2025-12-06T09:16:20.243" >
      <step title="DeploymentManager.GetResults" date="2025-12-06T09:16:20.262" /><!-- duration: 624ms -->
    </step><!-- duration: 651ms -->
  </step><!-- duration: 655ms -->
  <step title="Outgoing response" date="2025-12-06T09:16:20.907" type="response" statusCode="202" statusText="Accepted" /><!-- duration: 10ms -->
</step><!-- duration: 813ms -->
