<step title="BackgroundTrace" date="2025-12-06T09:37:00.458" instance="c04aa1" url="/api/publish" method="POST" >
  <step title="Cleanup Xml Logs" date="2025-12-06T09:37:00.478" >
    <step title="Cleanup Infos" date="2025-12-06T09:37:00.499" totalFiles="358" totalCleanup="198" /><!-- duration: 3ms -->
  </step><!-- duration: 26ms -->
  <step title="Creating temporary deployment - FetchDeploymentManager" date="2025-12-06T09:37:00.589" /><!-- duration: 2ms -->
  <step title="Creating temporary deployment" date="2025-12-06T09:37:00.599" /><!-- duration: 161ms -->
  <step title="Performing fetch based deployment" date="2025-12-06T09:37:00.822" >
    <step title="Cleaning up temp folders from previous zip deployments and extracting pushed zip file /tmp/zipdeploy/86ce8dbc-1fcc-4687-8df3-53821ecf0c99.zip (334.05 MB) to /tmp/zipdeploy/extracted" date="2025-12-06T09:37:02.042" >
      <step title="ChmodRecursive Process exited with total time taken in ms: 341" date="2025-12-06T09:38:25.125" /><!-- duration: 3ms -->
    </step><!-- duration: 83110ms -->
    <step title="Deployment timer started" date="2025-12-06T09:38:27.182" >
      <step title="DeploymentManager.Deploy(id:e8655a34-d9e6-41a6-b190-f052c8f36e20)" date="2025-12-06T09:38:27.185" >
        <step title="Collecting changeset information" date="2025-12-06T09:38:27.214" /><!-- duration: 153ms -->
        <step title="Updating submodules" date="2025-12-06T09:38:27.369" /><!-- duration: 1092ms -->
        <step title="Determining deployment builder" date="2025-12-06T09:38:28.703" >
          <step title="Builder is OneDeployBuilder" date="2025-12-06T09:38:28.713" /><!-- duration: 6ms -->
        </step><!-- duration: 18ms -->
        <step title="PreDeployment: context.CleanOutputPath False" date="2025-12-06T09:38:28.783" >
          <step title="PreDeployment: context.OutputPath /home/site/wwwroot" date="2025-12-06T09:38:28.888" >
            <step title="Building" date="2025-12-06T09:38:29.032" >
              <step title="Executing external process" date="2025-12-06T09:38:29.675" type="process" path="starter.sh" arguments="/opt/Kudu/Scripts/absoluteTar.sh /tmp/zipdeploy/extracted/node_modules /tmp/zipdeploy/extracted/node_modules.tar.gz" >
                <step title="Cpu: gzip(28601,42.730s)+sh(28600,0.000s)+tar(28599,3.030s)+absoluteTar.sh(28598,0.000s)=total(45.760s)" date="2025-12-06T09:39:30.023" /><!-- duration: 18ms -->
                <step title="starter.sh: no io activity for 60s, prev-cpu=-1.000s, current-cpu=45.760s" date="2025-12-06T09:39:30.081" /><!-- duration: 20ms -->
                <step title="Cpu: gzip(28601,84.900s)+sh(28600,0.000s)+tar(28599,5.680s)+absoluteTar.sh(28598,0.000s)=total(90.580s)" date="2025-12-06T09:40:30.489" /><!-- duration: 10ms -->
                <step title="starter.sh: no io activity for 121s, prev-cpu=45.760s, current-cpu=90.580s" date="2025-12-06T09:40:30.520" /><!-- duration: 20ms -->
              </step><!-- duration: 144822ms -->
              <step title="Executing external process" date="2025-12-06T09:40:54.879" type="process" path="starter.sh" arguments="/opt/Kudu/Scripts/parallel_rsync.sh /tmp/zipdeploy/extracted /home/site/wwwroot 8 /tmp/ False False node_modules " /><!-- duration: 16890ms -->
              <step title="Modified file to trigger a restart of the app container." date="2025-12-06T09:41:12.523" /><!-- duration: 2ms -->
              <step title="Skip function trigger and logicapp sync because function is not enabled." date="2025-12-06T09:41:12.532" /><!-- duration: 11ms -->
            </step><!-- duration: 164783ms -->
          </step><!-- duration: 164930ms -->
          <step title="Cleaning up temp files" date="2025-12-06T09:41:13.820" /><!-- duration: 3ms -->
          <step title="Cleaning up temp files" date="2025-12-06T09:41:13.830" /><!-- duration: 528ms -->
          <step title="Reloading status file with latest updates" date="2025-12-06T09:41:14.389" >
            <step title="WebHooksManager.PublishEventAsync: PostDeployment" date="2025-12-06T09:41:14.391" /><!-- duration: 73ms -->
          </step><!-- duration: 78ms -->
          <step title="Cleaning up temporary deployment - fetch deployment was successful" date="2025-12-06T09:41:14.477" /><!-- duration: 1ms -->
        </step><!-- duration: 165775ms -->
      </step><!-- duration: 167394ms -->
