<step title="Incoming Request" date="2025-12-06T08:56:12.084" instance="c04aa1" url="/api/deployments/latest?deployer=OneDeploy&amp;time=2025-12-06_08-52-16Z" method="GET" type="request" pid="835,1,73" Host="adioncode-e5gkh4grbqe4g8b7.scm.centralindia-01.azurewebsites.net" User-Agent="GITHUBACTIONS_DeployWebAppToAzure_7650f946a874dfae82dfcd0347de284b67bb6ed9cc8e4f7291d8eb6cbb07caf2" Authorization="Bas..." Content-Type="application/json; charset=utf-8" Cookie="ARRAffinity=c04aa1d190c806a98365154610359be5f0b247a3d55e146cfd8e4942c8287e1c;Path=/;HttpOnly;Secure;Domain=adioncode-e5gkh4grbqe4g8b7.scm.centralindia-01.azurewebsites.net; ARRAffinitySameSite=c04aa1d190c806a98365154610359be5f0b247a3d55e146cfd8e4942c8287e1c;Path=/;HttpOnly;SameSite=None;Secure;Domain=adioncode-e5gkh4grbqe4g8b7.scm.centralindia-01.azurewebsites.net" Content-Length="0" X-ARR-LOG-ID="89800788-1a9e-4743-8ab1-d2221040a08b" CLIENT-IP="172.203.38.244:9216" X-SITE-DEPLOYMENT-ID="adioncode" WAS-DEFAULT-HOSTNAME="adioncode-e5gkh4grbqe4g8b7.scm.centralindia-01.azurewebsites.net" X-Forwarded-Proto="https" X-AppService-Proto="https" X-Forwarded-TlsVersion="1.3" X-WAWS-Unencoded-URL="/api/deployments/latest?deployer=OneDeploy&amp;time=2025-12-06_08-52-16Z" X-Client-IP="172.203.38.244" X-Client-Port="9216" >
  <step title="Cleanup Xml Logs" date="2025-12-06T08:56:12.094" >
    <step title="Cleanup Infos" date="2025-12-06T08:56:12.162" totalFiles="311" totalCleanup="151" /><!-- duration: 11ms -->
  </step><!-- duration: 81ms -->
  <step title="DeploymentService.GetResult" date="2025-12-06T08:56:12.195" >
    <step title="DeploymentService.GetLatestDeployment" date="2025-12-06T08:56:12.206" >
      <step title="DeploymentManager.GetResults" date="2025-12-06T08:56:12.214" /><!-- duration: 495ms -->
    </step><!-- duration: 506ms -->
  </step><!-- duration: 520ms -->
  <step title="Outgoing response" date="2025-12-06T08:56:12.720" type="response" statusCode="202" statusText="Accepted" /><!-- duration: 9ms -->
</step><!-- duration: 653ms -->
