<step title="Incoming Request" date="2025-12-06T10:39:19.853" instance="c04aa1" url="/api/deployments/latest?deployer=OneDeploy&amp;time=2025-12-06_10-36-51Z" method="GET" type="request" pid="835,1,98" Host="adioncode-e5gkh4grbqe4g8b7.scm.centralindia-01.azurewebsites.net" User-Agent="GITHUBACTIONS_DeployWebAppToAzure_7650f946a874dfae82dfcd0347de284b67bb6ed9cc8e4f7291d8eb6cbb07caf2" Authorization="Bas..." Content-Type="application/json; charset=utf-8" Cookie="ARRAffinity=c04aa1d190c806a98365154610359be5f0b247a3d55e146cfd8e4942c8287e1c;Path=/;HttpOnly;Secure;Domain=adioncode-e5gkh4grbqe4g8b7.scm.centralindia-01.azurewebsites.net; ARRAffinitySameSite=c04aa1d190c806a98365154610359be5f0b247a3d55e146cfd8e4942c8287e1c;Path=/;HttpOnly;SameSite=None;Secure;Domain=adioncode-e5gkh4grbqe4g8b7.scm.centralindia-01.azurewebsites.net" Content-Length="0" X-ARR-LOG-ID="8a700b1b-f777-4c81-bdb8-32163cfdd1bd" CLIENT-IP="172.190.93.131:60480" X-SITE-DEPLOYMENT-ID="adioncode" WAS-DEFAULT-HOSTNAME="adioncode-e5gkh4grbqe4g8b7.scm.centralindia-01.azurewebsites.net" X-Forwarded-Proto="https" X-AppService-Proto="https" X-Forwarded-TlsVersion="1.3" X-WAWS-Unencoded-URL="/api/deployments/latest?deployer=OneDeploy&amp;time=2025-12-06_10-36-51Z" X-Client-IP="172.190.93.131" X-Client-Port="60480" >
  <step title="Cleanup Xml Logs" date="2025-12-06T10:39:19.854" >
    <step title="Cleanup Infos" date="2025-12-06T10:39:19.895" totalFiles="458" totalCleanup="298" /><!-- duration: 10ms -->
  </step><!-- duration: 60ms -->
  <step title="DeploymentService.GetResult" date="2025-12-06T10:39:19.925" >
    <step title="DeploymentService.GetLatestDeployment" date="2025-12-06T10:39:19.926" >
      <step title="DeploymentManager.GetResults" date="2025-12-06T10:39:19.935" /><!-- duration: 875ms -->
    </step><!-- duration: 895ms -->
  </step><!-- duration: 923ms -->
  <step title="Outgoing response" date="2025-12-06T10:39:20.878" type="response" statusCode="202" statusText="Accepted" /><!-- duration: 10ms -->
</step><!-- duration: 1045ms -->
