<step title="Incoming Request" date="2025-12-06T09:37:59.939" instance="c04aa1" url="/api/deployments/latest?deployer=OneDeploy&amp;time=2025-12-06_09-37-00Z" method="GET" type="request" pid="835,1,73" Host="adioncode-e5gkh4grbqe4g8b7.scm.centralindia-01.azurewebsites.net" User-Agent="GITHUBACTIONS_DeployWebAppToAzure_7650f946a874dfae82dfcd0347de284b67bb6ed9cc8e4f7291d8eb6cbb07caf2" Authorization="Bas..." Content-Type="application/json; charset=utf-8" Cookie="ARRAffinity=c04aa1d190c806a98365154610359be5f0b247a3d55e146cfd8e4942c8287e1c;Path=/;HttpOnly;Secure;Domain=adioncode-e5gkh4grbqe4g8b7.scm.centralindia-01.azurewebsites.net; ARRAffinitySameSite=c04aa1d190c806a98365154610359be5f0b247a3d55e146cfd8e4942c8287e1c;Path=/;HttpOnly;SameSite=None;Secure;Domain=adioncode-e5gkh4grbqe4g8b7.scm.centralindia-01.azurewebsites.net" Content-Length="0" X-ARR-LOG-ID="c286592a-4e7d-4364-87eb-e95ad6ad8bd7" CLIENT-IP="52.154.132.184:45096" X-SITE-DEPLOYMENT-ID="adioncode" WAS-DEFAULT-HOSTNAME="adioncode-e5gkh4grbqe4g8b7.scm.centralindia-01.azurewebsites.net" X-Forwarded-Proto="https" X-AppService-Proto="https" X-Forwarded-TlsVersion="1.3" X-WAWS-Unencoded-URL="/api/deployments/latest?deployer=OneDeploy&amp;time=2025-12-06_09-37-00Z" X-Client-IP="52.154.132.184" X-Client-Port="45096" >
  <step title="Cleanup Xml Logs" date="2025-12-06T09:37:59.940" >
    <step title="Cleanup Infos" date="2025-12-06T09:37:59.960" totalFiles="367" totalCleanup="207" /><!-- duration: 21ms -->
  </step><!-- duration: 50ms -->
  <step title="DeploymentService.GetResult" date="2025-12-06T09:38:00.020" >
    <step title="DeploymentService.GetLatestDeployment" date="2025-12-06T09:38:00.029" >
      <step title="DeploymentManager.GetResults" date="2025-12-06T09:38:00.038" /><!-- duration: 523ms -->
    </step><!-- duration: 535ms -->
  </step><!-- duration: 549ms -->
  <step title="Outgoing response" date="2025-12-06T09:38:00.571" type="response" statusCode="202" statusText="Accepted" /><!-- duration: 1ms -->
</step><!-- duration: 635ms -->
