<step title="Incoming Request" date="2025-12-06T09:39:23.135" instance="c04aa1" url="/api/deployments/latest?deployer=OneDeploy&amp;time=2025-12-06_09-37-00Z" method="GET" type="request" pid="835,1,69" Host="adioncode-e5gkh4grbqe4g8b7.scm.centralindia-01.azurewebsites.net" User-Agent="GITHUBACTIONS_DeployWebAppToAzure_7650f946a874dfae82dfcd0347de284b67bb6ed9cc8e4f7291d8eb6cbb07caf2" Authorization="Bas..." Content-Type="application/json; charset=utf-8" Cookie="ARRAffinity=c04aa1d190c806a98365154610359be5f0b247a3d55e146cfd8e4942c8287e1c;Path=/;HttpOnly;Secure;Domain=adioncode-e5gkh4grbqe4g8b7.scm.centralindia-01.azurewebsites.net; ARRAffinitySameSite=c04aa1d190c806a98365154610359be5f0b247a3d55e146cfd8e4942c8287e1c;Path=/;HttpOnly;SameSite=None;Secure;Domain=adioncode-e5gkh4grbqe4g8b7.scm.centralindia-01.azurewebsites.net" Content-Length="0" X-ARR-LOG-ID="94bfbf4f-7318-46f2-99b2-1d2161417d19" CLIENT-IP="52.154.132.184:45096" X-SITE-DEPLOYMENT-ID="adioncode" WAS-DEFAULT-HOSTNAME="adioncode-e5gkh4grbqe4g8b7.scm.centralindia-01.azurewebsites.net" X-Forwarded-Proto="https" X-AppService-Proto="https" X-Forwarded-TlsVersion="1.3" X-WAWS-Unencoded-URL="/api/deployments/latest?deployer=OneDeploy&amp;time=2025-12-06_09-37-00Z" X-Client-IP="52.154.132.184" X-Client-Port="45096" >
  <step title="Cleanup Xml Logs" date="2025-12-06T09:39:23.154" >
    <step title="Cleanup Infos" date="2025-12-06T09:39:23.184" totalFiles="379" totalCleanup="219" /><!-- duration: 31ms -->
  </step><!-- duration: 69ms -->
  <step title="DeploymentService.GetResult" date="2025-12-06T09:39:23.234" >
    <step title="DeploymentService.GetLatestDeployment" date="2025-12-06T09:39:23.235" >
      <step title="DeploymentManager.GetResults" date="2025-12-06T09:39:23.236" /><!-- duration: 600ms -->
    </step><!-- duration: 603ms -->
  </step><!-- duration: 613ms -->
  <step title="Outgoing response" date="2025-12-06T09:39:23.857" type="response" statusCode="202" statusText="Accepted" /><!-- duration: 21ms -->
</step><!-- duration: 752ms -->
