<step title="Incoming Request" date="2025-11-27T18:18:21.506" instance="c04aa1" url="/api/publish?async=true&amp;deployer=GITHUB_ONE_DEPLOY&amp;type=zip&amp;message=%7B%22type%22%3A%22deployment%22%2C%22sha%22%3A%22682f67c89273dbb0708aacc27fdb84e7de739752%22%2C%22repoName%22%3A%22adityasingh03rajput%2Ftesting-server-%22%2C%22actor%22%3A%22adityasingh03rajput%22%2C%22slotName%22%3A%22Production%22%2C%22commitMessage%22%3A%22%22%7D" method="POST" type="request" pid="833,1,3" Host="adioncode-e5gkh4grbqe4g8b7.scm.centralindia-01.azurewebsites.net" User-Agent="GITHUBACTIONS_DeployWebAppToAzure_7650f946a874dfae82dfcd0347de284b67bb6ed9cc8e4f7291d8eb6cbb07caf2" Authorization="Bas..." Content-Type="application/octet-stream" Cookie="ARRAffinity=c04aa1d190c806a98365154610359be5f0b247a3d55e146cfd8e4942c8287e1c;Path=/;HttpOnly;Secure;Domain=adioncode-e5gkh4grbqe4g8b7.scm.centralindia-01.azurewebsites.net; ARRAffinitySameSite=c04aa1d190c806a98365154610359be5f0b247a3d55e146cfd8e4942c8287e1c;Path=/;HttpOnly;SameSite=None;Secure;Domain=adioncode-e5gkh4grbqe4g8b7.scm.centralindia-01.azurewebsites.net" Transfer-Encoding="chunked" X-ARR-LOG-ID="776d5a68-839d-4c56-b1dc-f2f63e613e63" CLIENT-IP="52.159.244.65:55296" X-SITE-DEPLOYMENT-ID="adioncode" WAS-DEFAULT-HOSTNAME="adioncode-e5gkh4grbqe4g8b7.scm.centralindia-01.azurewebsites.net" X-Forwarded-Proto="https" X-AppService-Proto="https" X-Forwarded-TlsVersion="1.3" X-WAWS-Unencoded-URL="/api/publish?async=true&amp;deployer=GITHUB_ONE_DEPLOY&amp;type=zip&amp;message=%7B%22type%22%3A%22deployment%22%2C%22sha%22%3A%22682f67c89273dbb0708aacc27fdb84e7de739752%22%2C%22repoName%22%3A%22adityasingh03rajput%2Ftesting-server-%22%2C%22actor%22%3A%22adityasingh03rajput%22%2C%22slotName%22%3A%22Production%22%2C%22commitMessage%22%3A%22%22%7D" X-Client-IP="52.159.244.65" X-Client-Port="55296" >
  <step title="Cleanup Xml Logs" date="2025-11-27T18:18:21.507" /><!-- duration: 3ms -->
  <step title="OneDeploy" date="2025-11-27T18:18:21.528" >
    <step title="Starting PushDeployAsync" date="2025-11-27T18:18:21.588" /><!-- duration: 1ms -->
    <step title="Writing artifact to /tmp/zipdeploy/516f14b8-552c-4a76-8104-3e7866a35863.zip" date="2025-11-27T18:18:21.610" >
      <step title="Writing multipart request body to /tmp/zipdeploy/516f14b8-552c-4a76-8104-3e7866a35863.zip" date="2025-11-27T18:18:21.618" /><!-- duration: 1ms -->
    </step><!-- duration: 22694ms -->
    <step title="Start deployment in the background" date="2025-11-27T18:18:44.315" >
      <step title="Acquiring Deployment Lock" date="2025-11-27T18:18:44.375" /><!-- duration: 9ms -->
      <step title="Acquired Deployment Lock" date="2025-11-27T18:18:44.425" /><!-- duration: 1ms -->
    </step><!-- duration: 233ms -->
  </step><!-- duration: 23040ms -->
  <step title="Outgoing response" date="2025-11-27T18:18:44.570" type="response" statusCode="202" statusText="Accepted" /><!-- duration: 2ms -->
</step><!-- duration: 23067ms -->
