<step title="BackgroundTrace" date="2025-12-06T10:17:57.486" instance="c04aa1" url="/api/publish" method="POST" >
  <step title="Cleanup Xml Logs" date="2025-12-06T10:17:57.490" >
    <step title="Cleanup Infos" date="2025-12-06T10:17:57.522" totalFiles="399" totalCleanup="239" /><!-- duration: 10ms -->
  </step><!-- duration: 44ms -->
  <step title="Creating temporary deployment - FetchDeploymentManager" date="2025-12-06T10:17:57.601" /><!-- duration: 1ms -->
  <step title="Creating temporary deployment" date="2025-12-06T10:17:57.604" /><!-- duration: 84ms -->
  <step title="Performing fetch based deployment" date="2025-12-06T10:17:57.851" >
    <step title="Cleaning up temp folders from previous zip deployments and extracting pushed zip file /tmp/zipdeploy/8929a7a6-2ed5-4217-b118-03c1577a83be.zip (334.05 MB) to /tmp/zipdeploy/extracted" date="2025-12-06T10:17:59.556" >
      <step title="ChmodRecursive Process exited with total time taken in ms: 299" date="2025-12-06T10:18:52.879" /><!-- duration: 3ms -->
    </step><!-- duration: 53349ms -->
    <step title="Deployment timer started" date="2025-12-06T10:18:54.923" >
      <step title="DeploymentManager.Deploy(id:98013933-0b15-494d-ba84-6f7a63f04d1b)" date="2025-12-06T10:18:54.961" >
        <step title="Collecting changeset information" date="2025-12-06T10:18:54.972" /><!-- duration: 136ms -->
        <step title="Updating submodules" date="2025-12-06T10:18:55.111" /><!-- duration: 1131ms -->
        <step title="Determining deployment builder" date="2025-12-06T10:18:56.435" >
          <step title="Builder is OneDeployBuilder" date="2025-12-06T10:18:56.466" /><!-- duration: 2ms -->
        </step><!-- duration: 35ms -->
        <step title="PreDeployment: context.CleanOutputPath False" date="2025-12-06T10:18:56.533" >
          <step title="PreDeployment: context.OutputPath /home/site/wwwroot" date="2025-12-06T10:18:56.644" >
            <step title="Building" date="2025-12-06T10:18:56.821" >
              <step title="Executing external process" date="2025-12-06T10:18:57.494" type="process" path="starter.sh" arguments="/opt/Kudu/Scripts/absoluteTar.sh /tmp/zipdeploy/extracted/node_modules /tmp/zipdeploy/extracted/node_modules.tar.gz" >
                <step title="Cpu: gzip(29167,43.000s)+sh(29166,0.000s)+tar(29165,3.030s)+absoluteTar.sh(29164,0.010s)=total(46.040s)" date="2025-12-06T10:19:57.920" /><!-- duration: 18ms -->
                <step title="starter.sh: no io activity for 60s, prev-cpu=-1.000s, current-cpu=46.040s" date="2025-12-06T10:19:57.980" /><!-- duration: 20ms -->
                <step title="Cpu: gzip(29167,84.090s)+sh(29166,0.000s)+tar(29165,5.580s)+absoluteTar.sh(29164,0.010s)=total(89.680s)" date="2025-12-06T10:20:58.384" /><!-- duration: 11ms -->
                <step title="starter.sh: no io activity for 121s, prev-cpu=46.040s, current-cpu=89.680s" date="2025-12-06T10:20:58.412" /><!-- duration: 2ms -->
              </step><!-- duration: 145188ms -->
              <step title="Executing external process" date="2025-12-06T10:21:22.940" type="process" path="starter.sh" arguments="/opt/Kudu/Scripts/parallel_rsync.sh /tmp/zipdeploy/extracted /home/site/wwwroot 8 /tmp/ False False node_modules " /><!-- duration: 19749ms -->
              <step title="Modified file to trigger a restart of the app container." date="2025-12-06T10:21:43.431" /><!-- duration: 1ms -->
              <step title="Skip function trigger and logicapp sync because function is not enabled." date="2025-12-06T10:21:43.435" /><!-- duration: 5ms -->
            </step><!-- duration: 167532ms -->
          </step><!-- duration: 167712ms -->
          <step title="Cleaning up temp files" date="2025-12-06T10:21:44.357" /><!-- duration: 15ms -->
          <step title="Cleaning up temp files" date="2025-12-06T10:21:44.383" /><!-- duration: 510ms -->
          <step title="Reloading status file with latest updates" date="2025-12-06T10:21:44.913" >
            <step title="WebHooksManager.PublishEventAsync: PostDeployment" date="2025-12-06T10:21:44.916" /><!-- duration: 59ms -->
          </step><!-- duration: 64ms -->
          <step title="Cleaning up temporary deployment - fetch deployment was successful" date="2025-12-06T10:21:44.985" /><!-- duration: 2ms -->
        </step><!-- duration: 168529ms -->
      </step><!-- duration: 170109ms -->
