<step title="Incoming Request" date="2025-12-06T09:40:12.041" instance="c04aa1" url="/api/deployments/latest?deployer=OneDeploy&amp;time=2025-12-06_09-37-00Z" method="GET" type="request" pid="835,1,94" Host="adioncode-e5gkh4grbqe4g8b7.scm.centralindia-01.azurewebsites.net" User-Agent="GITHUBACTIONS_DeployWebAppToAzure_7650f946a874dfae82dfcd0347de284b67bb6ed9cc8e4f7291d8eb6cbb07caf2" Authorization="Bas..." Content-Type="application/json; charset=utf-8" Cookie="ARRAffinity=c04aa1d190c806a98365154610359be5f0b247a3d55e146cfd8e4942c8287e1c;Path=/;HttpOnly;Secure;Domain=adioncode-e5gkh4grbqe4g8b7.scm.centralindia-01.azurewebsites.net; ARRAffinitySameSite=c04aa1d190c806a98365154610359be5f0b247a3d55e146cfd8e4942c8287e1c;Path=/;HttpOnly;SameSite=None;Secure;Domain=adioncode-e5gkh4grbqe4g8b7.scm.centralindia-01.azurewebsites.net" Content-Length="0" X-ARR-LOG-ID="067aeb95-bb73-4848-ac7d-bca5ba9e8d32" CLIENT-IP="52.154.132.184:45098" X-SITE-DEPLOYMENT-ID="adioncode" WAS-DEFAULT-HOSTNAME="adioncode-e5gkh4grbqe4g8b7.scm.centralindia-01.azurewebsites.net" X-Forwarded-Proto="https" X-AppService-Proto="https" X-Forwarded-TlsVersion="1.3" X-WAWS-Unencoded-URL="/api/deployments/latest?deployer=OneDeploy&amp;time=2025-12-06_09-37-00Z" X-Client-IP="52.154.132.184" X-Client-Port="45098" >
  <step title="Cleanup Xml Logs" date="2025-12-06T09:40:12.059" >
    <step title="Cleanup Infos" date="2025-12-06T09:40:12.120" totalFiles="386" totalCleanup="226" /><!-- duration: 30ms -->
  </step><!-- duration: 93ms -->
  <step title="DeploymentService.GetResult" date="2025-12-06T09:40:12.190" >
    <step title="DeploymentService.GetLatestDeployment" date="2025-12-06T09:40:12.210" >
      <step title="DeploymentManager.GetResults" date="2025-12-06T09:40:12.222" /><!-- duration: 743ms -->
    </step><!-- duration: 764ms -->
  </step><!-- duration: 786ms -->
  <step title="Outgoing response" date="2025-12-06T09:40:12.984" type="response" statusCode="202" statusText="Accepted" /><!-- duration: 10ms -->
</step><!-- duration: 954ms -->
