<step title="Incoming Request" date="2025-12-04T20:34:33.039" instance="c04aa1" url="/api/publish?async=true&amp;deployer=GITHUB_ONE_DEPLOY&amp;type=zip&amp;message=%7B%22type%22%3A%22deployment%22%2C%22sha%22%3A%221bf5275a79afc248ad42228e35dd307cf1b3485c%22%2C%22repoName%22%3A%22adityasingh03rajput%2Ftesting-server-%22%2C%22actor%22%3A%22adityasingh03rajput%22%2C%22slotName%22%3A%22Production%22%2C%22commitMessage%22%3A%22Add%20attendance%2Fdate%20endpoint%20to%20root%20index.js%20for%20Azure%20deployment%22%7D" method="POST" type="request" pid="835,1,33" Host="adioncode-e5gkh4grbqe4g8b7.scm.centralindia-01.azurewebsites.net" User-Agent="GITHUBACTIONS_DeployWebAppToAzure_7650f946a874dfae82dfcd0347de284b67bb6ed9cc8e4f7291d8eb6cbb07caf2" Authorization="Bas..." Content-Type="application/octet-stream" Cookie="ARRAffinity=c04aa1d190c806a98365154610359be5f0b247a3d55e146cfd8e4942c8287e1c;Path=/;HttpOnly;Secure;Domain=adioncode-e5gkh4grbqe4g8b7.scm.centralindia-01.azurewebsites.net; ARRAffinitySameSite=c04aa1d190c806a98365154610359be5f0b247a3d55e146cfd8e4942c8287e1c;Path=/;HttpOnly;SameSite=None;Secure;Domain=adioncode-e5gkh4grbqe4g8b7.scm.centralindia-01.azurewebsites.net" Transfer-Encoding="chunked" X-ARR-LOG-ID="c2984104-b374-450b-9e84-09539adc8141" CLIENT-IP="57.151.128.137:34880" X-SITE-DEPLOYMENT-ID="adioncode" WAS-DEFAULT-HOSTNAME="adioncode-e5gkh4grbqe4g8b7.scm.centralindia-01.azurewebsites.net" X-Forwarded-Proto="https" X-AppService-Proto="https" X-Forwarded-TlsVersion="1.3" X-WAWS-Unencoded-URL="/api/publish?async=true&amp;deployer=GITHUB_ONE_DEPLOY&amp;type=zip&amp;message=%7B%22type%22%3A%22deployment%22%2C%22sha%22%3A%221bf5275a79afc248ad42228e35dd307cf1b3485c%22%2C%22repoName%22%3A%22adityasingh03rajput%2Ftesting-server-%22%2C%22actor%22%3A%22adityasingh03rajput%22%2C%22slotName%22%3A%22Production%22%2C%22commitMessage%22%3A%22Add%20attendance%2Fdate%20endpoint%20to%20root%20index.js%20for%20Azure%20deployment%22%7D" X-Client-IP="57.151.128.137" X-Client-Port="34880" >
  <step title="Cleanup Xml Logs" date="2025-12-04T20:34:33.041" >
    <step title="Cleanup Infos" date="2025-12-04T20:34:33.049" totalFiles="228" totalCleanup="68" /><!-- duration: 12ms -->
  </step><!-- duration: 22ms -->
  <step title="OneDeploy" date="2025-12-04T20:34:33.111" >
    <step title="Starting PushDeployAsync" date="2025-12-04T20:34:33.115" /><!-- duration: 3ms -->
    <step title="Removing node_modules symlink" date="2025-12-04T20:34:33.126" >
      <step title="Writing artifact to /tmp/zipdeploy/ac6f4d92-8322-44c1-b21b-ac19d30dc5a2.zip" date="2025-12-04T20:34:33.202" >
        <step title="Writing multipart request body to /tmp/zipdeploy/ac6f4d92-8322-44c1-b21b-ac19d30dc5a2.zip" date="2025-12-04T20:34:33.220" /><!-- duration: 11ms -->
      </step><!-- duration: 26646ms -->
      <step title="Start deployment in the background" date="2025-12-04T20:34:59.858" >
        <step title="Acquiring Deployment Lock" date="2025-12-04T20:34:59.918" /><!-- duration: 2ms -->
        <step title="Acquired Deployment Lock" date="2025-12-04T20:34:59.942" /><!-- duration: 1ms -->
      </step><!-- duration: 227ms -->
    </step><!-- duration: 26985ms -->
    <step title="Outgoing response" date="2025-12-04T20:35:00.113" type="response" statusCode="202" statusText="Accepted" /><!-- duration: 2ms -->
  </step><!-- duration: 27006ms -->
