<step title="Incoming Request" date="2025-12-04T19:09:05.476" instance="c04aa1" url="/api/publish?async=true&amp;deployer=GITHUB_ONE_DEPLOY&amp;type=zip&amp;message=%7B%22type%22%3A%22deployment%22%2C%22sha%22%3A%228654a225d8bd5284901bf8e9d3b410dad5b57059%22%2C%22repoName%22%3A%22adityasingh03rajput%2Ftesting-server-%22%2C%22actor%22%3A%22adityasingh03rajput%22%2C%22slotName%22%3A%22Production%22%2C%22commitMessage%22%3A%22Add%20teacher%20calendar%20with%20student%20attendance%20details%20and%20new%20API%20endpoint%22%7D" method="POST" type="request" pid="831,1,67" Host="adioncode-e5gkh4grbqe4g8b7.scm.centralindia-01.azurewebsites.net" User-Agent="GITHUBACTIONS_DeployWebAppToAzure_7650f946a874dfae82dfcd0347de284b67bb6ed9cc8e4f7291d8eb6cbb07caf2" Authorization="Bas..." Content-Type="application/octet-stream" Cookie="ARRAffinity=c04aa1d190c806a98365154610359be5f0b247a3d55e146cfd8e4942c8287e1c;Path=/;HttpOnly;Secure;Domain=adioncode-e5gkh4grbqe4g8b7.scm.centralindia-01.azurewebsites.net; ARRAffinitySameSite=c04aa1d190c806a98365154610359be5f0b247a3d55e146cfd8e4942c8287e1c;Path=/;HttpOnly;SameSite=None;Secure;Domain=adioncode-e5gkh4grbqe4g8b7.scm.centralindia-01.azurewebsites.net" Transfer-Encoding="chunked" X-ARR-LOG-ID="7cdc1f85-c2a1-4d4b-a99a-7e0954f89739" CLIENT-IP="68.220.60.145:36872" X-SITE-DEPLOYMENT-ID="adioncode" WAS-DEFAULT-HOSTNAME="adioncode-e5gkh4grbqe4g8b7.scm.centralindia-01.azurewebsites.net" X-Forwarded-Proto="https" X-AppService-Proto="https" X-Forwarded-TlsVersion="1.3" X-WAWS-Unencoded-URL="/api/publish?async=true&amp;deployer=GITHUB_ONE_DEPLOY&amp;type=zip&amp;message=%7B%22type%22%3A%22deployment%22%2C%22sha%22%3A%228654a225d8bd5284901bf8e9d3b410dad5b57059%22%2C%22repoName%22%3A%22adityasingh03rajput%2Ftesting-server-%22%2C%22actor%22%3A%22adityasingh03rajput%22%2C%22slotName%22%3A%22Production%22%2C%22commitMessage%22%3A%22Add%20teacher%20calendar%20with%20student%20attendance%20details%20and%20new%20API%20endpoint%22%7D" X-Client-IP="68.220.60.145" X-Client-Port="36872" >
  <step title="Cleanup Xml Logs" date="2025-12-04T19:09:05.478" /><!-- duration: 10ms -->
  <step title="OneDeploy" date="2025-12-04T19:09:05.530" >
    <step title="Starting PushDeployAsync" date="2025-12-04T19:09:05.549" /><!-- duration: 20ms -->
    <step title="Writing artifact to /tmp/zipdeploy/8f936700-29ca-4628-b9fd-2d64bd5711f8.zip" date="2025-12-04T19:09:05.628" >
      <step title="Writing multipart request body to /tmp/zipdeploy/8f936700-29ca-4628-b9fd-2d64bd5711f8.zip" date="2025-12-04T19:09:05.658" /><!-- duration: 19ms -->
    </step><!-- duration: 104569ms -->
    <step title="Start deployment in the background" date="2025-12-04T19:10:50.258" >
      <step title="Acquiring Deployment Lock" date="2025-12-04T19:10:50.339" /><!-- duration: 1ms -->
      <step title="Cannot Acquire Deployment Lock already held" date="2025-12-04T19:10:50.369" /><!-- duration: 10ms -->
    </step><!-- duration: 222ms -->
    <step title="There is a deployment currently in progress. Please try again when it completes." date="2025-12-04T19:10:50.520" /><!-- duration: 22ms -->
  </step><!-- duration: 105030ms -->
  <step title="Outgoing response" date="2025-12-04T19:10:50.600" type="response" statusCode="409" statusText="Conflict" /><!-- duration: 2ms -->
</step><!-- duration: 105206ms -->
