<step title="Incoming Request" date="2025-12-06T09:38:47.598" instance="c04aa1" url="/api/deployments/latest?deployer=OneDeploy&amp;time=2025-12-06_09-37-00Z" method="GET" type="request" pid="835,1,68" Host="adioncode-e5gkh4grbqe4g8b7.scm.centralindia-01.azurewebsites.net" User-Agent="GITHUBACTIONS_DeployWebAppToAzure_7650f946a874dfae82dfcd0347de284b67bb6ed9cc8e4f7291d8eb6cbb07caf2" Authorization="Bas..." Content-Type="application/json; charset=utf-8" Cookie="ARRAffinity=c04aa1d190c806a98365154610359be5f0b247a3d55e146cfd8e4942c8287e1c;Path=/;HttpOnly;Secure;Domain=adioncode-e5gkh4grbqe4g8b7.scm.centralindia-01.azurewebsites.net; ARRAffinitySameSite=c04aa1d190c806a98365154610359be5f0b247a3d55e146cfd8e4942c8287e1c;Path=/;HttpOnly;SameSite=None;Secure;Domain=adioncode-e5gkh4grbqe4g8b7.scm.centralindia-01.azurewebsites.net" Content-Length="0" X-ARR-LOG-ID="96168f34-2fe9-4210-a37b-20bf6b34a6fc" CLIENT-IP="52.154.132.184:45098" X-SITE-DEPLOYMENT-ID="adioncode" WAS-DEFAULT-HOSTNAME="adioncode-e5gkh4grbqe4g8b7.scm.centralindia-01.azurewebsites.net" X-Forwarded-Proto="https" X-AppService-Proto="https" X-Forwarded-TlsVersion="1.3" X-WAWS-Unencoded-URL="/api/deployments/latest?deployer=OneDeploy&amp;time=2025-12-06_09-37-00Z" X-Client-IP="52.154.132.184" X-Client-Port="45098" >
  <step title="Cleanup Xml Logs" date="2025-12-06T09:38:47.605" >
    <step title="Cleanup Infos" date="2025-12-06T09:38:47.626" totalFiles="374" totalCleanup="214" /><!-- duration: 18ms -->
  </step><!-- duration: 71ms -->
  <step title="DeploymentService.GetResult" date="2025-12-06T09:38:47.686" >
    <step title="DeploymentService.GetLatestDeployment" date="2025-12-06T09:38:47.687" >
      <step title="DeploymentManager.GetResults" date="2025-12-06T09:38:47.706" /><!-- duration: 662ms -->
    </step><!-- duration: 691ms -->
  </step><!-- duration: 694ms -->
  <step title="Outgoing response" date="2025-12-06T09:38:48.389" type="response" statusCode="202" statusText="Accepted" /><!-- duration: 10ms -->
</step><!-- duration: 802ms -->
