<step title="Incoming Request" date="2025-12-04T20:39:30.985" instance="c04aa1" url="/api/deployments/latest?deployer=OneDeploy&amp;time=2025-12-04_20-35-00Z" method="GET" type="request" pid="835,1,15" Host="adioncode-e5gkh4grbqe4g8b7.scm.centralindia-01.azurewebsites.net" User-Agent="GITHUBACTIONS_DeployWebAppToAzure_7650f946a874dfae82dfcd0347de284b67bb6ed9cc8e4f7291d8eb6cbb07caf2" Authorization="Bas..." Content-Type="application/json; charset=utf-8" Cookie="ARRAffinity=c04aa1d190c806a98365154610359be5f0b247a3d55e146cfd8e4942c8287e1c;Path=/;HttpOnly;Secure;Domain=adioncode-e5gkh4grbqe4g8b7.scm.centralindia-01.azurewebsites.net; ARRAffinitySameSite=c04aa1d190c806a98365154610359be5f0b247a3d55e146cfd8e4942c8287e1c;Path=/;HttpOnly;SameSite=None;Secure;Domain=adioncode-e5gkh4grbqe4g8b7.scm.centralindia-01.azurewebsites.net" Content-Length="0" X-ARR-LOG-ID="91ca164a-d096-4e39-bc64-a5da787a88d0" CLIENT-IP="57.151.128.137:34880" X-SITE-DEPLOYMENT-ID="adioncode" WAS-DEFAULT-HOSTNAME="adioncode-e5gkh4grbqe4g8b7.scm.centralindia-01.azurewebsites.net" X-Forwarded-Proto="https" X-AppService-Proto="https" X-Forwarded-TlsVersion="1.3" X-WAWS-Unencoded-URL="/api/deployments/latest?deployer=OneDeploy&amp;time=2025-12-04_20-35-00Z" X-Client-IP="57.151.128.137" X-Client-Port="34880" >
  <step title="Cleanup Xml Logs" date="2025-12-04T20:39:30.992" >
    <step title="Cleanup Infos" date="2025-12-04T20:39:31.012" totalFiles="268" totalCleanup="108" /><!-- duration: 2ms -->
  </step><!-- duration: 30ms -->
  <step title="DeploymentService.GetResult" date="2025-12-04T20:39:31.042" >
    <step title="DeploymentService.GetLatestDeployment" date="2025-12-04T20:39:31.044" >
      <step title="DeploymentManager.GetResults" date="2025-12-04T20:39:31.053" /><!-- duration: 402ms -->
    </step><!-- duration: 421ms -->
  </step><!-- duration: 425ms -->
  <step title="Outgoing response" date="2025-12-04T20:39:31.476" type="response" statusCode="202" statusText="Accepted" /><!-- duration: 9ms -->
</step><!-- duration: 503ms -->
