﻿<?xml version="1.0" encoding="utf-8"?>
<deployment>
  <id>80044cdb-1cad-4cb1-bf2a-182c731976d8</id>
  <author>N/A</author>
  <deployer>OneDeploy</deployer>
  <authorEmail>N/A</authorEmail>
  <message>OneDeploy</message>
  <progress></progress>
  <status>Success</status>
  <statusText></statusText>
  <lastSuccessEndTime>2025-12-10T12:14:28.2969426Z</lastSuccessEndTime>
  <receivedTime>2025-12-10T12:11:13.7185983Z</receivedTime>
  <startTime>2025-12-10T12:11:15.0776641Z</startTime>
  <endTime>2025-12-10T12:14:28.2969426Z</endTime>
  <complete>True</complete>
  <is_temp>False</is_temp>
  <is_readonly>True</is_readonly>
  <buildSummary />
</deployment>